num,lon,lat
00,-43.625,-2.875
01,-43.625,-3.125
02,-43.875,-3.375
03,-43.125,-3.375
04,-43.125,-3.625
05,-42.875,-3.625
06,-44.375,-3.875
07,-44.125,-3.875
08,-43.875,-3.875
09,-43.375,-3.875
10,-43.125,-3.875
11,-42.875,-3.875
12,-44.625,-4.125
13,-44.375,-4.125
14,-44.125,-4.125
15,-42.875,-4.125
16,-43.125,-4.375
17,-42.875,-4.375
18,-42.625,-4.375
19,-42.875,-4.625
20,-45.375,-4.875
21,-42.875,-4.875
22,-42.625,-4.875
23,-45.375,-5.125
24,-44.625,-5.125
25,-44.375,-5.125
26,-42.875,-5.125
27,-42.625,-5.125
28,-48.125,-5.375
29,-46.875,-5.375
30,-45.875,-5.375
31,-45.375,-5.375
32,-44.375,-5.375
33,-43.875,-5.375
34,-47.875,-5.625
35,-46.875,-5.625
36,-46.625,-5.625
37,-46.125,-5.625
38,-45.625,-5.625
39,-43.625,-5.625
40,-43.375,-5.625
41,-47.875,-5.875
42,-46.125,-5.875
43,-45.875,-5.875
44,-44.625,-5.875
45,-46.125,-6.125
46,-46.125,-6.375
47,-44.625,-6.375
48,-44.125,-6.375
49,-46.125,-6.625
50,-45.875,-6.625
51,-45.625,-6.625
52,-44.625,-6.625
53,-44.375,-6.625
54,-44.125,-6.625
55,-43.875,-6.625
56,-48.375,-6.875
57,-46.125,-6.875
58,-45.875,-6.875
59,-45.625,-6.875
60,-45.375,-6.875
61,-45.125,-6.875
62,-44.625,-6.875
63,-44.375,-6.875
64,-44.125,-6.875
65,-43.625,-6.875
66,-48.375,-7.125
67,-46.375,-7.125
68,-46.125,-7.125
69,-45.875,-7.125
70,-45.125,-7.125
71,-44.875,-7.125
72,-44.625,-7.125
73,-44.375,-7.125
74,-43.625,-7.125
75,-47.375,-7.375
76,-46.625,-7.375
77,-46.375,-7.375
78,-46.125,-7.375
79,-45.875,-7.375
80,-45.625,-7.375
81,-45.375,-7.375
82,-45.125,-7.375
83,-44.875,-7.375
84,-44.625,-7.375
85,-44.375,-7.375
86,-44.125,-7.375
87,-48.625,-7.625
88,-47.375,-7.625
89,-46.625,-7.625
90,-46.375,-7.625
91,-46.125,-7.625
92,-45.875,-7.625
93,-45.625,-7.625
94,-45.375,-7.625
95,-45.125,-7.625
96,-44.875,-7.625
97,-44.375,-7.625
98,-44.125,-7.625
99,-48.625,-7.875
100,-48.375,-7.875
101,-47.125,-7.875
102,-46.875,-7.875
103,-46.625,-7.875
104,-46.375,-7.875
105,-46.125,-7.875
106,-45.875,-7.875
107,-45.625,-7.875
108,-45.375,-7.875
109,-45.125,-7.875
110,-44.875,-7.875
111,-44.375,-7.875
112,-44.125,-7.875
113,-46.875,-8.125
114,-46.625,-8.125
115,-46.375,-8.125
116,-46.125,-8.125
117,-45.875,-8.125
118,-45.625,-8.125
119,-45.375,-8.125
120,-45.125,-8.125
121,-44.875,-8.125
122,-44.625,-8.125
123,-44.375,-8.125
124,-44.125,-8.125
125,-46.875,-8.375
126,-46.625,-8.375
127,-46.375,-8.375
128,-46.125,-8.375
129,-45.875,-8.375
130,-45.625,-8.375
131,-45.375,-8.375
132,-45.125,-8.375
133,-44.625,-8.375
134,-44.375,-8.375
135,-49.375,-8.625
136,-46.875,-8.625
137,-46.625,-8.625
138,-46.375,-8.625
139,-46.125,-8.625
140,-45.875,-8.625
141,-45.125,-8.625
142,-44.875,-8.625
143,-44.625,-8.625
144,-48.125,-8.875
145,-47.125,-8.875
146,-46.875,-8.875
147,-46.625,-8.875
148,-46.375,-8.875
149,-46.125,-8.875
150,-45.625,-8.875
151,-45.375,-8.875
152,-44.875,-8.875
153,-48.375,-9.125
154,-48.125,-9.125
155,-47.875,-9.125
156,-46.875,-9.125
157,-46.625,-9.125
158,-46.375,-9.125
159,-46.125,-9.125
160,-45.625,-9.125
161,-45.375,-9.125
162,-45.125,-9.125
163,-44.875,-9.125
164,-49.625,-9.375
165,-48.875,-9.375
166,-48.125,-9.375
167,-47.875,-9.375
168,-46.875,-9.375
169,-46.125,-9.375
170,-45.625,-9.375
171,-45.375,-9.375
172,-45.125,-9.375
173,-44.875,-9.375
174,-44.625,-9.375
175,-50.125,-9.625
176,-48.625,-9.625
177,-45.375,-9.625
178,-49.875,-9.875
179,-49.125,-9.875
180,-48.875,-9.875
181,-48.625,-9.875
182,-47.875,-9.875
183,-51.125,-10.125
184,-49.875,-10.125
185,-48.625,-10.125
186,-47.875,-10.125
187,-45.875,-10.125
188,-45.625,-10.125
189,-51.125,-10.375
190,-50.875,-10.375
191,-50.625,-10.375
192,-49.875,-10.375
193,-49.625,-10.375
194,-48.875,-10.375
195,-48.625,-10.375
196,-47.875,-10.375
197,-45.875,-10.375
198,-45.625,-10.375
199,-49.875,-10.625
200,-49.625,-10.625
201,-48.375,-10.625
202,-48.125,-10.625
203,-46.125,-10.625
204,-45.875,-10.625
205,-45.625,-10.625
206,-45.375,-10.625
207,-49.875,-10.875
208,-49.625,-10.875
209,-48.625,-10.875
210,-48.375,-10.875
211,-46.375,-10.875
212,-46.125,-10.875
213,-45.875,-10.875
214,-45.625,-10.875
215,-45.375,-10.875
216,-49.625,-11.125
217,-49.375,-11.125
218,-49.125,-11.125
219,-48.875,-11.125
220,-48.625,-11.125
221,-48.375,-11.125
222,-48.125,-11.125
223,-46.625,-11.125
224,-46.375,-11.125
225,-46.125,-11.125
226,-45.875,-11.125
227,-45.625,-11.125
228,-51.375,-11.375
229,-50.125,-11.375
230,-49.875,-11.375
231,-49.625,-11.375
232,-48.875,-11.375
233,-48.625,-11.375
234,-48.125,-11.375
235,-47.875,-11.375
236,-47.125,-11.375
237,-46.625,-11.375
238,-46.375,-11.375
239,-46.125,-11.375
240,-45.875,-11.375
241,-45.625,-11.375
242,-45.375,-11.375
243,-45.125,-11.375
244,-58.625,-11.625
245,-51.375,-11.625
246,-48.875,-11.625
247,-48.625,-11.625
248,-47.125,-11.625
249,-46.625,-11.625
250,-46.375,-11.625
251,-46.125,-11.625
252,-45.875,-11.625
253,-45.625,-11.625
254,-45.375,-11.625
255,-45.125,-11.625
256,-51.625,-11.875
257,-51.375,-11.875
258,-51.125,-11.875
259,-49.875,-11.875
260,-49.625,-11.875
261,-49.125,-11.875
262,-48.875,-11.875
263,-46.375,-11.875
264,-46.125,-11.875
265,-45.875,-11.875
266,-45.625,-11.875
267,-45.375,-11.875
268,-56.125,-12.125
269,-51.625,-12.125
270,-51.375,-12.125
271,-49.625,-12.125
272,-49.375,-12.125
273,-49.125,-12.125
274,-48.875,-12.125
275,-48.625,-12.125
276,-46.375,-12.125
277,-46.125,-12.125
278,-45.875,-12.125
279,-45.625,-12.125
280,-45.375,-12.125
281,-44.125,-12.125
282,-58.375,-12.375
283,-58.125,-12.375
284,-56.125,-12.375
285,-55.875,-12.375
286,-55.625,-12.375
287,-51.625,-12.375
288,-51.375,-12.375
289,-49.375,-12.375
290,-49.125,-12.375
291,-48.875,-12.375
292,-48.625,-12.375
293,-46.375,-12.375
294,-46.125,-12.375
295,-45.875,-12.375
296,-45.625,-12.375
297,-45.375,-12.375
298,-45.125,-12.375
299,-44.375,-12.375
300,-58.875,-12.625
301,-58.625,-12.625
302,-58.375,-12.625
303,-58.125,-12.625
304,-56.375,-12.625
305,-56.125,-12.625
306,-55.875,-12.625
307,-55.625,-12.625
308,-51.625,-12.625
309,-51.375,-12.625
310,-49.375,-12.625
311,-49.125,-12.625
312,-46.375,-12.625
313,-46.125,-12.625
314,-45.875,-12.625
315,-45.625,-12.625
316,-45.375,-12.625
317,-44.875,-12.625
318,-44.625,-12.625
319,-44.375,-12.625
320,-44.125,-12.625
321,-58.875,-12.875
322,-58.625,-12.875
323,-58.375,-12.875
324,-58.125,-12.875
325,-56.375,-12.875
326,-56.125,-12.875
327,-55.875,-12.875
328,-55.625,-12.875
329,-54.875,-12.875
330,-49.125,-12.875
331,-48.875,-12.875
332,-48.375,-12.875
333,-46.375,-12.875
334,-46.125,-12.875
335,-45.875,-12.875
336,-45.625,-12.875
337,-45.375,-12.875
338,-45.125,-12.875
339,-44.875,-12.875
340,-44.625,-12.875
341,-44.375,-12.875
342,-59.125,-13.125
343,-58.875,-13.125
344,-58.625,-13.125
345,-58.125,-13.125
346,-57.875,-13.125
347,-57.625,-13.125
348,-56.375,-13.125
349,-56.125,-13.125
350,-55.875,-13.125
351,-55.625,-13.125
352,-55.375,-13.125
353,-55.125,-13.125
354,-54.625,-13.125
355,-49.625,-13.125
356,-49.125,-13.125
357,-48.875,-13.125
358,-48.625,-13.125
359,-48.375,-13.125
360,-46.375,-13.125
361,-46.125,-13.125
362,-45.875,-13.125
363,-45.625,-13.125
364,-45.375,-13.125
365,-45.125,-13.125
366,-59.375,-13.375
367,-59.125,-13.375
368,-58.875,-13.375
369,-58.625,-13.375
370,-58.375,-13.375
371,-58.125,-13.375
372,-57.875,-13.375
373,-57.625,-13.375
374,-57.375,-13.375
375,-56.625,-13.375
376,-56.375,-13.375
377,-56.125,-13.375
378,-55.875,-13.375
379,-55.625,-13.375
380,-55.375,-13.375
381,-55.125,-13.375
382,-54.625,-13.375
383,-53.125,-13.375
384,-52.875,-13.375
385,-52.625,-13.375
386,-50.375,-13.375
387,-50.125,-13.375
388,-49.875,-13.375
389,-49.375,-13.375
390,-49.125,-13.375
391,-48.875,-13.375
392,-48.375,-13.375
393,-48.125,-13.375
394,-46.375,-13.375
395,-46.125,-13.375
396,-45.875,-13.375
397,-45.625,-13.375
398,-45.375,-13.375
399,-45.125,-13.375
400,-59.375,-13.625
401,-59.125,-13.625
402,-58.875,-13.625
403,-58.625,-13.625
404,-58.375,-13.625
405,-58.125,-13.625
406,-57.875,-13.625
407,-57.625,-13.625
408,-56.875,-13.625
409,-56.625,-13.625
410,-56.375,-13.625
411,-56.125,-13.625
412,-55.875,-13.625
413,-55.625,-13.625
414,-55.375,-13.625
415,-55.125,-13.625
416,-54.875,-13.625
417,-54.625,-13.625
418,-54.125,-13.625
419,-53.875,-13.625
420,-53.625,-13.625
421,-53.375,-13.625
422,-53.125,-13.625
423,-52.875,-13.625
424,-52.625,-13.625
425,-52.375,-13.625
426,-52.125,-13.625
427,-51.875,-13.625
428,-51.625,-13.625
429,-50.625,-13.625
430,-50.375,-13.625
431,-50.125,-13.625
432,-49.875,-13.625
433,-49.625,-13.625
434,-49.375,-13.625
435,-49.125,-13.625
436,-48.875,-13.625
437,-46.125,-13.625
438,-45.875,-13.625
439,-45.625,-13.625
440,-45.375,-13.625
441,-59.625,-13.875
442,-59.375,-13.875
443,-59.125,-13.875
444,-58.875,-13.875
445,-58.625,-13.875
446,-58.125,-13.875
447,-57.875,-13.875
448,-57.625,-13.875
449,-57.375,-13.875
450,-57.125,-13.875
451,-56.875,-13.875
452,-56.625,-13.875
453,-56.375,-13.875
454,-56.125,-13.875
455,-55.875,-13.875
456,-55.625,-13.875
457,-55.375,-13.875
458,-55.125,-13.875
459,-54.875,-13.875
460,-54.625,-13.875
461,-53.625,-13.875
462,-53.375,-13.875
463,-53.125,-13.875
464,-52.875,-13.875
465,-52.625,-13.875
466,-52.375,-13.875
467,-52.125,-13.875
468,-51.875,-13.875
469,-51.625,-13.875
470,-50.625,-13.875
471,-50.375,-13.875
472,-50.125,-13.875
473,-49.875,-13.875
474,-49.625,-13.875
475,-49.375,-13.875
476,-49.125,-13.875
477,-48.625,-13.875
478,-46.375,-13.875
479,-46.125,-13.875
480,-45.875,-13.875
481,-45.375,-13.875
482,-59.375,-14.125
483,-59.125,-14.125
484,-58.875,-14.125
485,-58.125,-14.125
486,-57.875,-14.125
487,-57.625,-14.125
488,-56.625,-14.125
489,-56.375,-14.125
490,-56.125,-14.125
491,-55.875,-14.125
492,-55.625,-14.125
493,-55.375,-14.125
494,-55.125,-14.125
495,-54.875,-14.125
496,-54.375,-14.125
497,-54.125,-14.125
498,-53.875,-14.125
499,-53.625,-14.125
500,-52.625,-14.125
501,-52.375,-14.125
502,-52.125,-14.125
503,-51.875,-14.125
504,-50.875,-14.125
505,-50.625,-14.125
506,-50.375,-14.125
507,-50.125,-14.125
508,-49.625,-14.125
509,-49.375,-14.125
510,-49.125,-14.125
511,-48.875,-14.125
512,-48.625,-14.125
513,-48.375,-14.125
514,-47.875,-14.125
515,-47.375,-14.125
516,-46.125,-14.125
517,-45.875,-14.125
518,-45.625,-14.125
519,-45.375,-14.125
520,-59.375,-14.375
521,-59.125,-14.375
522,-58.375,-14.375
523,-58.125,-14.375
524,-56.625,-14.375
525,-56.375,-14.375
526,-56.125,-14.375
527,-55.875,-14.375
528,-54.875,-14.375
529,-54.375,-14.375
530,-54.125,-14.375
531,-53.875,-14.375
532,-53.625,-14.375
533,-53.125,-14.375
534,-52.875,-14.375
535,-52.375,-14.375
536,-51.125,-14.375
537,-50.875,-14.375
538,-50.625,-14.375
539,-50.375,-14.375
540,-49.125,-14.375
541,-48.875,-14.375
542,-48.625,-14.375
543,-48.375,-14.375
544,-47.625,-14.375
545,-47.375,-14.375
546,-45.875,-14.375
547,-45.625,-14.375
548,-58.875,-14.625
549,-58.625,-14.625
550,-58.375,-14.625
551,-56.625,-14.625
552,-56.375,-14.625
553,-56.125,-14.625
554,-55.875,-14.625
555,-55.625,-14.625
556,-55.125,-14.625
557,-54.875,-14.625
558,-54.125,-14.625
559,-53.625,-14.625
560,-53.375,-14.625
561,-53.125,-14.625
562,-52.875,-14.625
563,-52.625,-14.625
564,-52.375,-14.625
565,-52.125,-14.625
566,-51.875,-14.625
567,-51.125,-14.625
568,-50.875,-14.625
569,-50.625,-14.625
570,-49.375,-14.625
571,-49.125,-14.625
572,-48.875,-14.625
573,-48.625,-14.625
574,-48.375,-14.625
575,-48.125,-14.625
576,-47.875,-14.625
577,-47.625,-14.625
578,-47.375,-14.625
579,-46.625,-14.625
580,-46.375,-14.625
581,-45.875,-14.625
582,-45.125,-14.625
583,-54.625,-14.875
584,-54.375,-14.875
585,-54.125,-14.875
586,-53.875,-14.875
587,-53.625,-14.875
588,-53.375,-14.875
589,-53.125,-14.875
590,-52.875,-14.875
591,-52.625,-14.875
592,-52.375,-14.875
593,-52.125,-14.875
594,-51.875,-14.875
595,-51.375,-14.875
596,-51.125,-14.875
597,-50.875,-14.875
598,-50.625,-14.875
599,-49.625,-14.875
600,-49.375,-14.875
601,-49.125,-14.875
602,-48.875,-14.875
603,-48.375,-14.875
604,-47.875,-14.875
605,-47.625,-14.875
606,-47.375,-14.875
607,-47.125,-14.875
608,-46.875,-14.875
609,-46.625,-14.875
610,-46.375,-14.875
611,-44.625,-14.875
612,-56.875,-15.125
613,-55.125,-15.125
614,-54.875,-15.125
615,-54.625,-15.125
616,-54.375,-15.125
617,-54.125,-15.125
618,-53.875,-15.125
619,-53.625,-15.125
620,-53.375,-15.125
621,-52.875,-15.125
622,-52.625,-15.125
623,-52.375,-15.125
624,-52.125,-15.125
625,-51.875,-15.125
626,-51.625,-15.125
627,-51.375,-15.125
628,-51.125,-15.125
629,-50.875,-15.125
630,-50.625,-15.125
631,-50.125,-15.125
632,-49.625,-15.125
633,-49.375,-15.125
634,-49.125,-15.125
635,-48.875,-15.125
636,-48.625,-15.125
637,-48.375,-15.125
638,-48.125,-15.125
639,-47.875,-15.125
640,-47.625,-15.125
641,-47.375,-15.125
642,-47.125,-15.125
643,-46.875,-15.125
644,-46.625,-15.125
645,-46.375,-15.125
646,-45.625,-15.125
647,-45.375,-15.125
648,-55.625,-15.375
649,-55.375,-15.375
650,-55.125,-15.375
651,-54.875,-15.375
652,-54.625,-15.375
653,-54.375,-15.375
654,-54.125,-15.375
655,-53.875,-15.375
656,-53.625,-15.375
657,-53.375,-15.375
658,-53.125,-15.375
659,-52.375,-15.375
660,-52.125,-15.375
661,-51.875,-15.375
662,-51.625,-15.375
663,-51.375,-15.375
664,-51.125,-15.375
665,-50.875,-15.375
666,-50.625,-15.375
667,-49.875,-15.375
668,-49.625,-15.375
669,-49.375,-15.375
670,-49.125,-15.375
671,-48.875,-15.375
672,-48.625,-15.375
673,-48.375,-15.375
674,-47.875,-15.375
675,-47.625,-15.375
676,-47.375,-15.375
677,-47.125,-15.375
678,-46.875,-15.375
679,-46.625,-15.375
680,-46.375,-15.375
681,-45.875,-15.375
682,-45.625,-15.375
683,-57.375,-15.625
684,-56.875,-15.625
685,-55.625,-15.625
686,-55.375,-15.625
687,-55.125,-15.625
688,-54.875,-15.625
689,-54.625,-15.625
690,-54.375,-15.625
691,-54.125,-15.625
692,-53.875,-15.625
693,-53.625,-15.625
694,-53.375,-15.625
695,-52.375,-15.625
696,-52.125,-15.625
697,-51.875,-15.625
698,-51.625,-15.625
699,-51.375,-15.625
700,-51.125,-15.625
701,-50.875,-15.625
702,-50.625,-15.625
703,-49.875,-15.625
704,-49.625,-15.625
705,-49.375,-15.625
706,-49.125,-15.625
707,-48.875,-15.625
708,-48.625,-15.625
709,-48.375,-15.625
710,-48.125,-15.625
711,-47.875,-15.625
712,-47.625,-15.625
713,-47.375,-15.625
714,-47.125,-15.625
715,-46.875,-15.625
716,-46.625,-15.625
717,-46.375,-15.625
718,-46.125,-15.625
719,-45.125,-15.625
720,-44.875,-15.625
721,-57.375,-15.875
722,-56.875,-15.875
723,-56.625,-15.875
724,-55.375,-15.875
725,-55.125,-15.875
726,-54.875,-15.875
727,-53.875,-15.875
728,-53.625,-15.875
729,-53.375,-15.875
730,-52.375,-15.875
731,-52.125,-15.875
732,-51.875,-15.875
733,-51.625,-15.875
734,-51.375,-15.875
735,-51.125,-15.875
736,-50.875,-15.875
737,-50.625,-15.875
738,-50.375,-15.875
739,-50.125,-15.875
740,-49.875,-15.875
741,-49.625,-15.875
742,-49.375,-15.875
743,-49.125,-15.875
744,-48.875,-15.875
745,-48.625,-15.875
746,-48.125,-15.875
747,-47.875,-15.875
748,-47.625,-15.875
749,-47.375,-15.875
750,-47.125,-15.875
751,-46.875,-15.875
752,-46.625,-15.875
753,-46.375,-15.875
754,-46.125,-15.875
755,-45.875,-15.875
756,-45.625,-15.875
757,-56.875,-16.125
758,-56.625,-16.125
759,-55.375,-16.125
760,-55.125,-16.125
761,-54.875,-16.125
762,-53.875,-16.125
763,-53.625,-16.125
764,-53.375,-16.125
765,-53.125,-16.125
766,-52.875,-16.125
767,-52.375,-16.125
768,-52.125,-16.125
769,-51.875,-16.125
770,-51.625,-16.125
771,-51.375,-16.125
772,-51.125,-16.125
773,-50.875,-16.125
774,-50.125,-16.125
775,-49.875,-16.125
776,-49.625,-16.125
777,-49.375,-16.125
778,-49.125,-16.125
779,-48.875,-16.125
780,-48.625,-16.125
781,-48.375,-16.125
782,-48.125,-16.125
783,-47.875,-16.125
784,-47.625,-16.125
785,-47.375,-16.125
786,-47.125,-16.125
787,-46.625,-16.125
788,-46.375,-16.125
789,-46.125,-16.125
790,-45.875,-16.125
791,-45.625,-16.125
792,-45.125,-16.125
793,-55.375,-16.375
794,-55.125,-16.375
795,-54.875,-16.375
796,-54.625,-16.375
797,-53.875,-16.375
798,-53.625,-16.375
799,-53.375,-16.375
800,-53.125,-16.375
801,-52.875,-16.375
802,-52.625,-16.375
803,-52.375,-16.375
804,-52.125,-16.375
805,-51.875,-16.375
806,-51.625,-16.375
807,-51.375,-16.375
808,-51.125,-16.375
809,-50.875,-16.375
810,-50.625,-16.375
811,-50.375,-16.375
812,-50.125,-16.375
813,-49.875,-16.375
814,-49.625,-16.375
815,-49.375,-16.375
816,-49.125,-16.375
817,-48.875,-16.375
818,-48.625,-16.375
819,-48.375,-16.375
820,-48.125,-16.375
821,-47.875,-16.375
822,-47.625,-16.375
823,-47.375,-16.375
824,-47.125,-16.375
825,-46.875,-16.375
826,-46.625,-16.375
827,-46.375,-16.375
828,-46.125,-16.375
829,-45.875,-16.375
830,-45.625,-16.375
831,-45.375,-16.375
832,-45.125,-16.375
833,-54.875,-16.625
834,-54.625,-16.625
835,-54.375,-16.625
836,-54.125,-16.625
837,-53.875,-16.625
838,-53.625,-16.625
839,-52.875,-16.625
840,-52.625,-16.625
841,-52.375,-16.625
842,-52.125,-16.625
843,-51.875,-16.625
844,-51.375,-16.625
845,-51.125,-16.625
846,-50.625,-16.625
847,-50.375,-16.625
848,-50.125,-16.625
849,-49.875,-16.625
850,-49.625,-16.625
851,-49.375,-16.625
852,-49.125,-16.625
853,-48.875,-16.625
854,-48.625,-16.625
855,-48.375,-16.625
856,-48.125,-16.625
857,-47.875,-16.625
858,-47.625,-16.625
859,-47.375,-16.625
860,-47.125,-16.625
861,-46.875,-16.625
862,-46.625,-16.625
863,-46.375,-16.625
864,-46.125,-16.625
865,-45.875,-16.625
866,-45.125,-16.625
867,-54.875,-16.875
868,-54.625,-16.875
869,-54.375,-16.875
870,-54.125,-16.875
871,-53.875,-16.875
872,-53.625,-16.875
873,-53.375,-16.875
874,-53.125,-16.875
875,-52.625,-16.875
876,-51.875,-16.875
877,-51.625,-16.875
878,-51.125,-16.875
879,-50.875,-16.875
880,-50.625,-16.875
881,-50.375,-16.875
882,-50.125,-16.875
883,-49.875,-16.875
884,-49.625,-16.875
885,-49.375,-16.875
886,-49.125,-16.875
887,-48.875,-16.875
888,-48.625,-16.875
889,-48.375,-16.875
890,-48.125,-16.875
891,-47.875,-16.875
892,-47.625,-16.875
893,-47.375,-16.875
894,-47.125,-16.875
895,-46.875,-16.875
896,-46.625,-16.875
897,-46.375,-16.875
898,-46.125,-16.875
899,-45.875,-16.875
900,-45.375,-16.875
901,-45.125,-16.875
902,-54.875,-17.125
903,-54.625,-17.125
904,-54.375,-17.125
905,-54.125,-17.125
906,-53.875,-17.125
907,-53.625,-17.125
908,-53.375,-17.125
909,-53.125,-17.125
910,-52.875,-17.125
911,-51.875,-17.125
912,-51.625,-17.125
913,-51.375,-17.125
914,-51.125,-17.125
915,-50.875,-17.125
916,-50.625,-17.125
917,-50.375,-17.125
918,-50.125,-17.125
919,-49.875,-17.125
920,-49.625,-17.125
921,-49.375,-17.125
922,-49.125,-17.125
923,-48.875,-17.125
924,-48.625,-17.125
925,-48.375,-17.125
926,-48.125,-17.125
927,-47.875,-17.125
928,-47.625,-17.125
929,-47.375,-17.125
930,-47.125,-17.125
931,-46.875,-17.125
932,-46.625,-17.125
933,-46.375,-17.125
934,-46.125,-17.125
935,-45.625,-17.125
936,-54.875,-17.375
937,-54.625,-17.375
938,-54.375,-17.375
939,-54.125,-17.375
940,-53.375,-17.375
941,-53.125,-17.375
942,-52.875,-17.375
943,-52.625,-17.375
944,-52.375,-17.375
945,-52.125,-17.375
946,-51.875,-17.375
947,-51.625,-17.375
948,-51.375,-17.375
949,-51.125,-17.375
950,-50.875,-17.375
951,-50.625,-17.375
952,-50.375,-17.375
953,-50.125,-17.375
954,-49.875,-17.375
955,-49.625,-17.375
956,-49.375,-17.375
957,-49.125,-17.375
958,-48.875,-17.375
959,-48.625,-17.375
960,-48.375,-17.375
961,-48.125,-17.375
962,-47.875,-17.375
963,-47.625,-17.375
964,-47.375,-17.375
965,-47.125,-17.375
966,-46.875,-17.375
967,-46.625,-17.375
968,-46.375,-17.375
969,-46.125,-17.375
970,-45.875,-17.375
971,-45.375,-17.375
972,-54.875,-17.625
973,-54.625,-17.625
974,-54.375,-17.625
975,-54.125,-17.625
976,-53.625,-17.625
977,-53.375,-17.625
978,-53.125,-17.625
979,-52.875,-17.625
980,-52.625,-17.625
981,-52.375,-17.625
982,-52.125,-17.625
983,-51.875,-17.625
984,-51.625,-17.625
985,-51.375,-17.625
986,-51.125,-17.625
987,-50.875,-17.625
988,-50.625,-17.625
989,-50.375,-17.625
990,-50.125,-17.625
991,-49.875,-17.625
992,-49.625,-17.625
993,-49.375,-17.625
994,-49.125,-17.625
995,-48.875,-17.625
996,-48.625,-17.625
997,-48.375,-17.625
998,-48.125,-17.625
999,-47.875,-17.625
1000,-47.625,-17.625
1001,-47.375,-17.625
1002,-47.125,-17.625
1003,-46.875,-17.625
1004,-46.625,-17.625
1005,-46.375,-17.625
1006,-54.875,-17.875
1007,-54.625,-17.875
1008,-54.125,-17.875
1009,-53.625,-17.875
1010,-53.375,-17.875
1011,-53.125,-17.875
1012,-52.875,-17.875
1013,-52.375,-17.875
1014,-52.125,-17.875
1015,-51.875,-17.875
1016,-51.625,-17.875
1017,-51.375,-17.875
1018,-51.125,-17.875
1019,-50.875,-17.875
1020,-50.625,-17.875
1021,-50.375,-17.875
1022,-50.125,-17.875
1023,-49.875,-17.875
1024,-49.625,-17.875
1025,-49.375,-17.875
1026,-49.125,-17.875
1027,-48.875,-17.875
1028,-48.625,-17.875
1029,-48.375,-17.875
1030,-48.125,-17.875
1031,-47.875,-17.875
1032,-47.625,-17.875
1033,-47.375,-17.875
1034,-47.125,-17.875
1035,-46.875,-17.875
1036,-46.625,-17.875
1037,-46.125,-17.875
1038,-45.875,-17.875
1039,-45.625,-17.875
1040,-45.375,-17.875
1041,-54.875,-18.125
1042,-54.625,-18.125
1043,-54.125,-18.125
1044,-53.375,-18.125
1045,-53.125,-18.125
1046,-52.625,-18.125
1047,-52.125,-18.125
1048,-51.875,-18.125
1049,-51.625,-18.125
1050,-51.375,-18.125
1051,-51.125,-18.125
1052,-50.875,-18.125
1053,-50.625,-18.125
1054,-50.375,-18.125
1055,-50.125,-18.125
1056,-49.875,-18.125
1057,-49.625,-18.125
1058,-49.375,-18.125
1059,-49.125,-18.125
1060,-48.375,-18.125
1061,-48.125,-18.125
1062,-47.875,-18.125
1063,-47.375,-18.125
1064,-47.125,-18.125
1065,-46.875,-18.125
1066,-46.625,-18.125
1067,-46.375,-18.125
1068,-46.125,-18.125
1069,-45.875,-18.125
1070,-45.625,-18.125
1071,-54.875,-18.375
1072,-54.625,-18.375
1073,-53.375,-18.375
1074,-53.125,-18.375
1075,-52.875,-18.375
1076,-52.625,-18.375
1077,-52.375,-18.375
1078,-52.125,-18.375
1079,-51.875,-18.375
1080,-51.375,-18.375
1081,-51.125,-18.375
1082,-50.875,-18.375
1083,-50.625,-18.375
1084,-49.875,-18.375
1085,-49.375,-18.375
1086,-47.875,-18.375
1087,-47.375,-18.375
1088,-47.125,-18.375
1089,-46.875,-18.375
1090,-46.625,-18.375
1091,-46.375,-18.375
1092,-46.125,-18.375
1093,-45.875,-18.375
1094,-45.375,-18.375
1095,-54.875,-18.625
1096,-53.125,-18.625
1097,-52.875,-18.625
1098,-52.625,-18.625
1099,-52.375,-18.625
1100,-52.125,-18.625
1101,-51.875,-18.625
1102,-50.625,-18.625
1103,-49.625,-18.625
1104,-49.125,-18.625
1105,-48.875,-18.625
1106,-48.625,-18.625
1107,-48.125,-18.625
1108,-47.875,-18.625
1109,-47.625,-18.625
1110,-47.375,-18.625
1111,-47.125,-18.625
1112,-46.875,-18.625
1113,-46.625,-18.625
1114,-46.375,-18.625
1115,-45.875,-18.625
1116,-45.375,-18.625
1117,-45.125,-18.625
1118,-54.875,-18.875
1119,-54.625,-18.875
1120,-53.375,-18.875
1121,-53.125,-18.875
1122,-52.875,-18.875
1123,-52.625,-18.875
1124,-52.375,-18.875
1125,-51.125,-18.875
1126,-50.125,-18.875
1127,-49.125,-18.875
1128,-48.875,-18.875
1129,-48.625,-18.875
1130,-48.375,-18.875
1131,-48.125,-18.875
1132,-47.875,-18.875
1133,-47.625,-18.875
1134,-47.375,-18.875
1135,-47.125,-18.875
1136,-46.875,-18.875
1137,-46.625,-18.875
1138,-46.375,-18.875
1139,-45.875,-18.875
1140,-45.625,-18.875
1141,-45.375,-18.875
1142,-45.125,-18.875
1143,-44.625,-18.875
1144,-44.375,-18.875
1145,-54.875,-19.125
1146,-54.625,-19.125
1147,-54.375,-19.125
1148,-53.875,-19.125
1149,-53.625,-19.125
1150,-53.375,-19.125
1151,-53.125,-19.125
1152,-52.875,-19.125
1153,-52.625,-19.125
1154,-51.125,-19.125
1155,-50.875,-19.125
1156,-50.375,-19.125
1157,-50.125,-19.125
1158,-49.875,-19.125
1159,-49.625,-19.125
1160,-49.375,-19.125
1161,-49.125,-19.125
1162,-48.875,-19.125
1163,-48.625,-19.125
1164,-48.375,-19.125
1165,-48.125,-19.125
1166,-47.875,-19.125
1167,-47.625,-19.125
1168,-47.375,-19.125
1169,-47.125,-19.125
1170,-46.875,-19.125
1171,-46.625,-19.125
1172,-46.375,-19.125
1173,-46.125,-19.125
1174,-45.875,-19.125
1175,-45.125,-19.125
1176,-44.875,-19.125
1177,-44.625,-19.125
1178,-44.375,-19.125
1179,-54.875,-19.375
1180,-54.625,-19.375
1181,-54.375,-19.375
1182,-53.875,-19.375
1183,-53.625,-19.375
1184,-53.375,-19.375
1185,-53.125,-19.375
1186,-52.875,-19.375
1187,-52.625,-19.375
1188,-51.125,-19.375
1189,-50.375,-19.375
1190,-50.125,-19.375
1191,-49.375,-19.375
1192,-49.125,-19.375
1193,-48.625,-19.375
1194,-48.375,-19.375
1195,-48.125,-19.375
1196,-47.875,-19.375
1197,-47.625,-19.375
1198,-47.375,-19.375
1199,-47.125,-19.375
1200,-46.875,-19.375
1201,-46.625,-19.375
1202,-46.375,-19.375
1203,-46.125,-19.375
1204,-45.125,-19.375
1205,-44.875,-19.375
1206,-44.625,-19.375
1207,-44.375,-19.375
1208,-44.125,-19.375
1209,-54.625,-19.625
1210,-54.375,-19.625
1211,-54.125,-19.625
1212,-53.875,-19.625
1213,-53.625,-19.625
1214,-53.375,-19.625
1215,-52.875,-19.625
1216,-51.125,-19.625
1217,-50.625,-19.625
1218,-50.375,-19.625
1219,-49.375,-19.625
1220,-48.875,-19.625
1221,-48.625,-19.625
1222,-48.375,-19.625
1223,-48.125,-19.625
1224,-47.875,-19.625
1225,-47.625,-19.625
1226,-47.375,-19.625
1227,-47.125,-19.625
1228,-46.625,-19.625
1229,-46.375,-19.625
1230,-46.125,-19.625
1231,-45.875,-19.625
1232,-45.625,-19.625
1233,-45.375,-19.625
1234,-45.125,-19.625
1235,-44.375,-19.625
1236,-44.125,-19.625
1237,-56.875,-19.875
1238,-56.375,-19.875
1239,-54.375,-19.875
1240,-54.125,-19.875
1241,-53.875,-19.875
1242,-53.625,-19.875
1243,-53.375,-19.875
1244,-53.125,-19.875
1245,-49.125,-19.875
1246,-48.875,-19.875
1247,-48.625,-19.875
1248,-48.375,-19.875
1249,-48.125,-19.875
1250,-47.875,-19.875
1251,-47.625,-19.875
1252,-47.375,-19.875
1253,-47.125,-19.875
1254,-46.875,-19.875
1255,-46.625,-19.875
1256,-46.375,-19.875
1257,-45.875,-19.875
1258,-45.625,-19.875
1259,-45.375,-19.875
1260,-57.125,-20.125
1261,-54.625,-20.125
1262,-54.375,-20.125
1263,-53.125,-20.125
1264,-52.625,-20.125
1265,-52.125,-20.125
1266,-51.375,-20.125
1267,-49.125,-20.125
1268,-48.875,-20.125
1269,-48.625,-20.125
1270,-48.375,-20.125
1271,-48.125,-20.125
1272,-47.875,-20.125
1273,-47.625,-20.125
1274,-47.375,-20.125
1275,-47.125,-20.125
1276,-46.875,-20.125
1277,-46.125,-20.125
1278,-45.875,-20.125
1279,-45.625,-20.125
1280,-56.375,-20.375
1281,-54.875,-20.375
1282,-54.625,-20.375
1283,-54.375,-20.375
1284,-54.125,-20.375
1285,-52.375,-20.375
1286,-50.125,-20.375
1287,-49.875,-20.375
1288,-49.625,-20.375
1289,-48.875,-20.375
1290,-48.625,-20.375
1291,-48.375,-20.375
1292,-48.125,-20.375
1293,-47.875,-20.375
1294,-47.625,-20.375
1295,-47.375,-20.375
1296,-47.125,-20.375
1297,-46.625,-20.375
1298,-46.125,-20.375
1299,-45.875,-20.375
1300,-45.625,-20.375
1301,-56.375,-20.625
1302,-55.375,-20.625
1303,-55.125,-20.625
1304,-54.875,-20.625
1305,-54.625,-20.625
1306,-52.625,-20.625
1307,-49.875,-20.625
1308,-49.375,-20.625
1309,-49.125,-20.625
1310,-48.625,-20.625
1311,-48.375,-20.625
1312,-48.125,-20.625
1313,-47.875,-20.625
1314,-47.625,-20.625
1315,-47.375,-20.625
1316,-46.625,-20.625
1317,-46.375,-20.625
1318,-46.125,-20.625
1319,-45.875,-20.625
1320,-45.625,-20.625
1321,-55.375,-20.875
1322,-55.125,-20.875
1323,-54.875,-20.875
1324,-54.625,-20.875
1325,-54.375,-20.875
1326,-52.875,-20.875
1327,-49.125,-20.875
1328,-48.375,-20.875
1329,-48.125,-20.875
1330,-47.875,-20.875
1331,-47.625,-20.875
1332,-47.375,-20.875
1333,-46.375,-20.875
1334,-46.125,-20.875
1335,-45.875,-20.875
1336,-57.375,-21.125
1337,-56.875,-21.125
1338,-56.625,-21.125
1339,-56.375,-21.125
1340,-55.625,-21.125
1341,-55.375,-21.125
1342,-55.125,-21.125
1343,-54.875,-21.125
1344,-54.625,-21.125
1345,-53.125,-21.125
1346,-48.375,-21.125
1347,-48.125,-21.125
1348,-47.875,-21.125
1349,-47.625,-21.125
1350,-47.375,-21.125
1351,-47.125,-21.125
1352,-57.375,-21.375
1353,-56.625,-21.375
1354,-56.375,-21.375
1355,-55.875,-21.375
1356,-55.625,-21.375
1357,-55.375,-21.375
1358,-55.125,-21.375
1359,-54.875,-21.375
1360,-54.625,-21.375
1361,-54.375,-21.375
1362,-54.125,-21.375
1363,-52.625,-21.375
1364,-52.375,-21.375
1365,-48.875,-21.375
1366,-48.375,-21.375
1367,-48.125,-21.375
1368,-47.875,-21.375
1369,-47.625,-21.375
1370,-47.375,-21.375
1371,-47.125,-21.375
1372,-57.625,-21.625
1373,-56.875,-21.625
1374,-56.625,-21.625
1375,-55.625,-21.625
1376,-55.375,-21.625
1377,-55.125,-21.625
1378,-54.875,-21.625
1379,-54.625,-21.625
1380,-54.375,-21.625
1381,-54.125,-21.625
1382,-53.875,-21.625
1383,-53.375,-21.625
1384,-52.375,-21.625
1385,-49.125,-21.625
1386,-48.875,-21.625
1387,-48.625,-21.625
1388,-48.375,-21.625
1389,-48.125,-21.625
1390,-47.875,-21.625
1391,-47.625,-21.625
1392,-47.375,-21.625
1393,-47.125,-21.625
1394,-57.625,-21.875
1395,-56.875,-21.875
1396,-56.625,-21.875
1397,-55.875,-21.875
1398,-55.625,-21.875
1399,-55.375,-21.875
1400,-55.125,-21.875
1401,-54.625,-21.875
1402,-53.875,-21.875
1403,-53.625,-21.875
1404,-53.375,-21.875
1405,-53.125,-21.875
1406,-52.875,-21.875
1407,-52.625,-21.875
1408,-48.625,-21.875
1409,-48.375,-21.875
1410,-48.125,-21.875
1411,-47.875,-21.875
1412,-47.625,-21.875
1413,-47.125,-21.875
1414,-46.875,-21.875
1415,-56.125,-22.125
1416,-55.875,-22.125
1417,-55.625,-22.125
1418,-55.375,-22.125
1419,-55.125,-22.125
1420,-51.125,-22.125
1421,-48.625,-22.125
1422,-48.375,-22.125
1423,-48.125,-22.125
1424,-47.875,-22.125
1425,-47.125,-22.125
1426,-46.875,-22.125
1427,-55.625,-22.375
1428,-55.375,-22.375
1429,-54.875,-22.375
1430,-51.125,-22.375
1431,-50.875,-22.375
1432,-50.625,-22.375
1433,-50.375,-22.375
1434,-48.875,-22.375
1435,-48.125,-22.375
1436,-47.125,-22.375
1437,-46.875,-22.375
1438,-55.625,-22.625
1439,-50.625,-22.625
1440,-50.375,-22.625
1441,-50.125,-22.625
1442,-49.875,-22.625
1443,-49.625,-22.625
1444,-49.125,-22.625
1445,-48.875,-22.625
1446,-48.375,-22.625
1447,-48.125,-22.625
1448,-47.875,-22.625
1449,-47.375,-22.625
1450,-47.125,-22.625
1451,-49.375,-22.875
1452,-49.125,-22.875
1453,-48.875,-22.875
1454,-48.625,-22.875
1455,-48.375,-22.875
1456,-48.125,-22.875
1457,-49.125,-23.125
1458,-48.875,-23.125
1459,-49.125,-23.375
1460,-48.875,-23.375
1461,-49.125,-23.625
1462,-48.875,-23.625
1463,-48.625,-23.625
1464,-48.125,-23.625
1465,-49.375,-23.875
1466,-49.125,-23.875
1467,-48.875,-23.875
1468,-48.625,-23.875
1469,-49.875,-24.125
1470,-49.375,-24.125
1471,-49.125,-24.125
1472,-50.125,-24.375
1473,-49.875,-24.375