FID,FID_1,Id,Count_,Sum_pointi,cod_x,cod_y
00,5,6,25,325,-43.625,-2.875
01,14,15,3,81,-43.625,-3.125
02,22,23,9,297,-43.875,-3.375
03,25,26,30,1935,-43.125,-3.375
04,34,35,100,14150,-43.125,-3.625
05,35,36,100,21750,-42.875,-3.625
06,37,38,1,369,-44.375,-3.875
07,38,39,13,4608,-44.125,-3.875
08,39,40,5,1633,-43.875,-3.875
09,41,42,7,2285,-43.375,-3.875
10,42,43,9,3222,-43.125,-3.875
11,43,44,41,12300,-42.875,-3.875
12,44,45,37,14504,-44.625,-4.125
13,45,46,15,7045,-44.375,-4.125
14,46,47,68,30471,-44.125,-4.125
15,51,52,50,25925,-42.875,-4.125
16,58,59,29,16184,-43.125,-4.375
17,59,60,6,3531,-42.875,-4.375
18,60,61,20,11690,-42.625,-4.375
19,72,73,10,6060,-42.875,-4.625
20,73,74,2,1377,-45.375,-4.875
21,83,84,62,40396,-42.875,-4.875
22,84,85,5,3422,-42.625,-4.875
23,86,87,17,12056,-45.375,-5.125
24,89,90,9,6763,-44.625,-5.125
25,90,91,2,1509,-44.375,-5.125
26,96,97,18,12689,-42.875,-5.125
27,97,98,22,16181,-42.625,-5.125
28,98,99,2,1537,-48.125,-5.375
29,102,103,2,1541,-46.875,-5.375
30,104,105,4,3274,-45.875,-5.375
31,106,107,7,5327,-45.375,-5.375
32,110,111,2,1533,-44.375,-5.375
33,112,113,43,34099,-43.875,-5.375
34,116,117,19,15818,-47.875,-5.625
35,120,121,5,4240,-46.875,-5.625
36,121,122,16,15435,-46.625,-5.625
37,123,124,51,44710,-46.125,-5.625
38,125,126,6,5847,-45.625,-5.625
39,133,134,4,3813,-43.625,-5.625
40,134,135,74,69387,-43.375,-5.625
41,136,137,1,1091,-47.875,-5.875
42,143,144,60,62851,-46.125,-5.875
43,144,145,11,11696,-45.875,-5.875
44,149,150,22,22545,-44.625,-5.875
45,163,164,10,10965,-46.125,-6.125
46,182,183,28,31234,-46.125,-6.375
47,188,189,16,19848,-44.625,-6.375
48,190,191,103,121643,-44.125,-6.375
49,202,203,1,1640,-46.125,-6.625
50,203,204,501,859560,-45.875,-6.625
51,204,205,5,10105,-45.625,-6.625
52,208,209,162,238340,-44.625,-6.625
53,209,210,55,89157,-44.375,-6.625
54,210,211,53,78499,-44.125,-6.625
55,211,212,8,10884,-43.875,-6.625
56,214,215,23,141306,-48.375,-6.875
57,222,223,85,557281,-46.125,-6.875
58,223,224,1262,3760304,-45.875,-6.875
59,224,225,785,2897562,-45.625,-6.875
60,225,226,1283,6991344,-45.375,-6.875
61,226,227,263,1643113,-45.125,-6.875
62,228,229,879,4096726,-44.625,-6.875
63,229,230,70,257201,-44.375,-6.875
64,230,231,11,73766,-44.125,-6.875
65,232,233,25,89718,-43.625,-6.875
66,234,235,43,301803,-48.375,-7.125
67,242,243,4,29621,-46.375,-7.125
68,243,244,36,254775,-46.125,-7.125
69,244,245,860,6228573,-45.875,-7.125
70,247,248,30,222115,-45.125,-7.125
71,248,249,5,36920,-44.875,-7.125
72,249,250,26,192396,-44.625,-7.125
73,250,251,6,44788,-44.375,-7.125
74,253,254,11,80870,-43.625,-7.125
75,257,258,5,46894,-47.375,-7.375
76,260,261,5,59832,-46.625,-7.375
77,261,262,2097,20798309,-46.375,-7.375
78,262,263,104,1151059,-46.125,-7.375
79,263,264,455,3707706,-45.875,-7.375
80,264,265,72,867211,-45.625,-7.375
81,265,266,335,3658739,-45.375,-7.375
82,266,267,30,284665,-45.125,-7.375
83,267,268,57,683678,-44.875,-7.375
84,268,269,200,1814098,-44.625,-7.375
85,269,270,959,10152647,-44.375,-7.375
86,270,271,460,5286755,-44.125,-7.375
87,273,274,4,70180,-48.625,-7.625
88,277,278,1,13873,-47.375,-7.625
89,280,281,16,205255,-46.625,-7.625
90,281,282,950,14614303,-46.375,-7.625
91,282,283,68,996746,-46.125,-7.625
92,283,284,628,9832970,-45.875,-7.625
93,284,285,1100,16832387,-45.625,-7.625
94,285,286,540,8493543,-45.375,-7.625
95,286,287,610,9793293,-45.125,-7.625
96,287,288,1126,15755447,-44.875,-7.625
97,289,290,78,1323697,-44.375,-7.625
98,290,291,262,4062162,-44.125,-7.625
99,294,295,9,182064,-48.625,-7.875
100,295,296,4,79247,-48.375,-7.875
101,300,301,51,969977,-47.125,-7.875
102,301,302,275,5601840,-46.875,-7.875
103,302,303,71,1393200,-46.625,-7.875
104,303,304,978,18837505,-46.375,-7.875
105,304,305,186,3633831,-46.125,-7.875
106,305,306,611,12585656,-45.875,-7.875
107,306,307,433,8120729,-45.625,-7.875
108,307,308,431,8833526,-45.375,-7.875
109,308,309,259,5098880,-45.125,-7.875
110,309,310,49,934686,-44.875,-7.875
111,311,312,288,5709332,-44.375,-7.875
112,312,313,3,58407,-44.125,-7.875
113,321,322,94,2433438,-46.875,-8.125
114,322,323,931,22722769,-46.625,-8.125
115,323,324,18,462026,-46.375,-8.125
116,324,325,648,15556773,-46.125,-8.125
117,325,326,801,19310027,-45.875,-8.125
118,326,327,154,3868573,-45.625,-8.125
119,327,328,467,10315457,-45.375,-8.125
120,328,329,649,15161129,-45.125,-8.125
121,329,330,425,9724947,-44.875,-8.125
122,330,331,641,16649555,-44.625,-8.125
123,331,332,105,2375313,-44.375,-8.125
124,332,333,4,105473,-44.125,-8.125
125,341,342,233,7070522,-46.875,-8.375
126,342,343,60,1710124,-46.625,-8.375
127,343,344,400,11761003,-46.375,-8.375
128,344,345,1044,31474246,-46.125,-8.375
129,345,346,949,27346263,-45.875,-8.375
130,346,347,196,5708470,-45.625,-8.375
131,347,348,866,26190312,-45.375,-8.375
132,348,349,250,6904806,-45.125,-8.375
133,350,351,953,26128672,-44.625,-8.375
134,351,352,447,13371990,-44.375,-8.375
135,354,355,9,313799,-49.375,-8.625
136,362,363,2656,92003750,-46.875,-8.625
137,363,364,1291,45292474,-46.625,-8.625
138,364,365,111,4179658,-46.375,-8.625
139,365,366,1384,47434569,-46.125,-8.625
140,366,367,176,6333257,-45.875,-8.625
141,369,370,151,5586126,-45.125,-8.625
142,370,371,9,337720,-44.875,-8.625
143,371,372,2,66569,-44.625,-8.625
144,382,383,165,6802855,-48.125,-8.875
145,386,387,3,115546,-47.125,-8.875
146,387,388,140,5431524,-46.875,-8.875
147,388,389,279,11477557,-46.625,-8.875
148,389,390,2993,117875319,-46.375,-8.875
149,390,391,534,22021291,-46.125,-8.875
150,392,393,50,2048474,-45.625,-8.875
151,393,394,46,1851853,-45.375,-8.875
152,395,396,3,124602,-44.875,-8.875
153,407,408,52,2290431,-48.375,-9.125
154,408,409,970,42469320,-48.125,-9.125
155,409,410,9,399258,-47.875,-9.125
156,413,414,3,130759,-46.875,-9.125
157,414,415,124,5220932,-46.625,-9.125
158,415,416,34,1445130,-46.375,-9.125
159,416,417,470,20044440,-46.125,-9.125
160,418,419,109,4627280,-45.625,-9.125
161,419,420,457,19700300,-45.375,-9.125
162,420,421,114,4980614,-45.125,-9.125
163,421,422,630,27756978,-44.875,-9.125
164,426,427,34,1601234,-49.625,-9.375
165,429,430,4,189485,-48.875,-9.375
166,432,433,1200,55652761,-48.125,-9.375
167,433,434,49,2266750,-47.875,-9.375
168,437,438,6,282270,-46.875,-9.375
169,440,441,124,5612008,-46.125,-9.375
170,442,443,84,3904606,-45.625,-9.375
171,443,444,377,17712667,-45.375,-9.375
172,444,445,143,6708795,-45.125,-9.375
173,445,446,695,31998150,-44.875,-9.375
174,446,447,108,4939670,-44.625,-9.375
175,450,451,5,238880,-50.125,-9.625
176,456,457,13,620989,-48.625,-9.625
177,469,470,8,382060,-45.375,-9.625
178,476,477,8,383095,-49.875,-9.875
179,479,480,8,383226,-49.125,-9.875
180,480,481,9,430194,-48.875,-9.875
181,481,482,46,2200471,-48.625,-9.875
182,484,485,64,3062359,-47.875,-9.875
183,502,503,2,96264,-51.125,-10.125
184,505,506,5,239585,-49.875,-10.125
185,510,511,23,1102698,-48.625,-10.125
186,513,514,139,6674364,-47.875,-10.125
187,521,522,32,1539895,-45.875,-10.125
188,522,523,22,1057195,-45.625,-10.125
189,531,532,11,530106,-51.125,-10.375
190,532,533,37,1793768,-50.875,-10.375
191,533,534,8,390091,-50.625,-10.375
192,536,537,55,2685812,-49.875,-10.375
193,537,538,14,683972,-49.625,-10.375
194,540,541,14,683936,-48.875,-10.375
195,541,542,19,915800,-48.625,-10.375
196,544,545,4,194630,-47.875,-10.375
197,552,553,504,24422628,-45.875,-10.375
198,553,554,60,2923177,-45.625,-10.375
199,568,569,85,4217414,-49.875,-10.625
200,569,570,14,704464,-49.625,-10.625
201,574,575,64,3189623,-48.375,-10.625
202,575,576,44,2227231,-48.125,-10.625
203,583,584,600,30710294,-46.125,-10.625
204,584,585,883,44787446,-45.875,-10.625
205,585,586,1328,66349157,-45.625,-10.625
206,586,587,61,3060630,-45.375,-10.625
207,602,603,62,3231068,-49.875,-10.875
208,603,604,115,6014256,-49.625,-10.875
209,607,608,56,2947078,-48.625,-10.875
210,608,609,43,2273216,-48.375,-10.875
211,616,617,805,43125784,-46.375,-10.875
212,617,618,1328,70959578,-46.125,-10.875
213,618,619,59,3099023,-45.875,-10.875
214,619,620,118,6153984,-45.625,-10.875
215,620,621,37,1931746,-45.375,-10.875
216,637,638,8,465133,-49.625,-11.125
217,638,639,7,411927,-49.375,-11.125
218,639,640,3,175361,-49.125,-11.125
219,640,641,17,986814,-48.875,-11.125
220,641,642,84,4608756,-48.625,-11.125
221,642,643,8,445121,-48.375,-11.125
222,643,644,14,793361,-48.125,-11.125
223,649,650,458,27085952,-46.625,-11.125
224,650,651,3163,180102345,-46.375,-11.125
225,651,652,946,53195032,-46.125,-11.125
226,652,653,343,20208128,-45.875,-11.125
227,653,654,9,536620,-45.625,-11.125
228,663,664,7,429636,-51.375,-11.375
229,668,669,1,67155,-50.125,-11.375
230,669,670,52,3525352,-49.875,-11.375
231,670,671,61,3809154,-49.625,-11.375
232,673,674,14,860470,-48.875,-11.375
233,674,675,7,486858,-48.625,-11.375
234,676,677,24,1581363,-48.125,-11.375
235,677,678,1,68552,-47.875,-11.375
236,680,681,29,1929029,-47.125,-11.375
237,682,683,832,50768542,-46.625,-11.375
238,683,684,1066,71516157,-46.375,-11.375
239,684,685,1483,97370346,-46.125,-11.375
240,685,686,2792,184189494,-45.875,-11.375
241,686,687,3613,231245431,-45.625,-11.375
242,687,688,493,32287955,-45.375,-11.375
243,688,689,75,4858486,-45.125,-11.375
244,701,702,3,244179,-58.625,-11.625
245,702,703,4,335268,-51.375,-11.625
246,712,713,1,82893,-48.875,-11.625
247,713,714,1,82894,-48.625,-11.625
248,719,720,18,1380078,-47.125,-11.625
249,721,722,11,773169,-46.625,-11.625
250,722,723,1644,127604488,-46.375,-11.625
251,723,724,5210,410312140,-46.125,-11.625
252,724,725,5218,406233621,-45.875,-11.625
253,725,726,2920,225900536,-45.625,-11.625
254,726,727,824,65773340,-45.375,-11.625
255,727,728,1,74673,-45.125,-11.625
256,742,743,2,189051,-51.625,-11.875
257,743,744,7,645355,-51.375,-11.875
258,744,745,6,582282,-51.125,-11.875
259,749,750,13,1191303,-49.875,-11.875
260,750,751,533,48575921,-49.625,-11.875
261,752,753,70,6408108,-49.125,-11.875
262,753,754,13,1210486,-48.875,-11.875
263,763,764,2687,248300047,-46.375,-11.875
264,764,765,5546,513468452,-46.125,-11.875
265,765,766,1961,175162910,-45.875,-11.875
266,766,767,615,55621235,-45.625,-11.875
267,767,768,43,4098358,-45.375,-11.875
268,783,784,2532,273750890,-56.125,-12.125
269,784,785,27,2747943,-51.625,-12.125
270,785,786,18,1851618,-51.375,-12.125
271,792,793,3,298532,-49.625,-12.125
272,793,794,7,694352,-49.375,-12.125
273,794,795,73,7503753,-49.125,-12.125
274,795,796,27,2843011,-48.875,-12.125
275,796,797,7,705663,-48.625,-12.125
276,805,806,4538,478227532,-46.375,-12.125
277,806,807,5600,584391606,-46.125,-12.125
278,807,808,2160,229897993,-45.875,-12.125
279,808,809,349,36723231,-45.625,-12.125
280,809,810,104,11127154,-45.375,-12.125
281,814,815,59,6561741,-44.125,-12.125
282,823,824,2,241115,-58.375,-12.375
283,824,825,13,1598229,-58.125,-12.375
284,825,826,3731,451826587,-56.125,-12.375
285,826,827,3346,417841724,-55.875,-12.375
286,827,828,1698,215510010,-55.625,-12.375
287,828,829,22,2769509,-51.625,-12.375
288,829,830,17,2029614,-51.375,-12.375
289,837,838,16,1870698,-49.375,-12.375
290,838,839,176,21631405,-49.125,-12.375
291,839,840,15,1773091,-48.875,-12.375
292,840,841,44,5211536,-48.625,-12.375
293,849,850,1533,181259142,-46.375,-12.375
294,850,851,4298,527717637,-46.125,-12.375
295,851,852,1269,157658270,-45.875,-12.375
296,852,853,497,61096306,-45.625,-12.375
297,853,854,451,55988684,-45.375,-12.375
298,854,855,328,40587703,-45.125,-12.375
299,857,858,156,20453121,-44.375,-12.375
300,866,867,198,29963489,-58.875,-12.625
301,867,868,8,1156545,-58.625,-12.625
302,868,869,14,1998761,-58.375,-12.625
303,869,870,1606,234726257,-58.125,-12.625
304,871,872,2165,318236624,-56.375,-12.625
305,872,873,2380,339368115,-56.125,-12.625
306,873,874,3405,489016665,-55.875,-12.625
307,874,875,2701,394319548,-55.625,-12.625
308,875,876,34,4695235,-51.625,-12.625
309,876,877,8,1098649,-51.375,-12.625
310,884,885,17,2392040,-49.375,-12.625
311,885,886,67,10260334,-49.125,-12.625
312,896,897,400,59798891,-46.375,-12.625
313,897,898,6202,902924157,-46.125,-12.625
314,898,899,3295,475099052,-45.875,-12.625
315,899,900,1217,173381262,-45.625,-12.625
316,900,901,138,19374244,-45.375,-12.625
317,902,903,38,5529629,-44.875,-12.625
318,903,904,657,96614726,-44.625,-12.625
319,904,905,826,111728786,-44.375,-12.625
320,905,906,53,7133995,-44.125,-12.625
321,913,914,41,6685547,-58.875,-12.875
322,914,915,2114,381840399,-58.625,-12.875
323,915,916,69,12429894,-58.375,-12.875
324,916,917,2306,404279291,-58.125,-12.875
325,917,918,2907,502068808,-56.375,-12.875
326,918,919,6311,1106918645,-56.125,-12.875
327,919,920,5730,1006922029,-55.875,-12.875
328,920,921,2862,500785756,-55.625,-12.875
329,921,922,4,753856,-54.875,-12.875
330,932,933,48,7801982,-49.125,-12.875
331,933,934,4,699754,-48.875,-12.875
332,935,936,9,1563876,-48.375,-12.875
333,943,944,728,126763001,-46.375,-12.875
334,944,945,6497,1121000368,-46.125,-12.875
335,945,946,3583,637294766,-45.875,-12.875
336,946,947,664,114396907,-45.625,-12.875
337,947,948,215,36931271,-45.375,-12.875
338,948,949,6,1043165,-45.125,-12.875
339,949,950,15,2472922,-44.875,-12.875
340,950,951,39,6649787,-44.625,-12.875
341,951,952,109,17413270,-44.375,-12.875
342,959,960,214,48759105,-59.125,-13.125
343,960,961,559,127293525,-58.875,-13.125
344,961,962,3917,838364642,-58.625,-13.125
345,963,964,2569,562114781,-58.125,-13.125
346,964,965,3428,754563897,-57.875,-13.125
347,965,966,213,46804127,-57.625,-13.125
348,966,967,648,143694435,-56.375,-13.125
349,967,968,5082,1077676167,-56.125,-13.125
350,968,969,5886,1254195015,-55.875,-13.125
351,969,970,2664,566790282,-55.625,-13.125
352,970,971,5255,1130405933,-55.375,-13.125
353,971,972,1060,230999636,-55.125,-13.125
354,972,973,4,942530,-54.625,-13.125
355,981,982,11,2450797,-49.625,-13.125
356,983,984,21,4512951,-49.125,-13.125
357,984,985,13,2940431,-48.875,-13.125
358,985,986,34,7168311,-48.625,-13.125
359,986,987,78,16565096,-48.375,-13.125
360,994,995,1205,262279270,-46.375,-13.125
361,995,996,6443,1384151049,-46.125,-13.125
362,996,997,2893,608511432,-45.875,-13.125
363,997,998,360,80555605,-45.625,-13.125
364,998,999,104,24012525,-45.375,-13.125
365,999,1000,18,4106708,-45.125,-13.125
366,1008,1009,1013,278556818,-59.375,-13.375
367,1009,1010,931,250852876,-59.125,-13.375
368,1010,1011,4856,1289787492,-58.875,-13.375
369,1011,1012,3618,949044972,-58.625,-13.375
370,1012,1013,1439,388293322,-58.375,-13.375
371,1013,1014,2164,550047957,-58.125,-13.375
372,1014,1015,5663,1495001898,-57.875,-13.375
373,1015,1016,1569,422454237,-57.625,-13.375
374,1016,1017,412,114109019,-57.375,-13.375
375,1017,1018,300,76155315,-56.625,-13.375
376,1018,1019,938,234310990,-56.375,-13.375
377,1019,1020,5636,1487952038,-56.125,-13.375
378,1020,1021,4297,1116034865,-55.875,-13.375
379,1021,1022,2963,773687863,-55.625,-13.375
380,1022,1023,2065,513955646,-55.375,-13.375
381,1023,1024,2525,661341863,-55.125,-13.375
382,1024,1025,1569,417133108,-54.625,-13.375
383,1025,1026,49,13085467,-53.125,-13.375
384,1026,1027,731,198344490,-52.875,-13.375
385,1027,1028,89,23877502,-52.625,-13.375
386,1034,1035,3,762417,-50.375,-13.375
387,1035,1036,133,34274432,-50.125,-13.375
388,1036,1037,47,12118071,-49.875,-13.375
389,1038,1039,24,5986451,-49.375,-13.375
390,1039,1040,23,6074868,-49.125,-13.375
391,1040,1041,24,6515323,-48.875,-13.375
392,1042,1043,9,2311387,-48.375,-13.375
393,1043,1044,4,1019072,-48.125,-13.375
394,1050,1051,622,152273681,-46.375,-13.375
395,1051,1052,3959,1034889143,-46.125,-13.375
396,1052,1053,2123,534371097,-45.875,-13.375
397,1053,1054,326,85118842,-45.625,-13.375
398,1054,1055,110,29527053,-45.375,-13.375
399,1055,1056,4,1092829,-45.125,-13.375
400,1062,1063,2174,681440177,-59.375,-13.625
401,1063,1064,3014,939370387,-59.125,-13.625
402,1064,1065,5902,1857774478,-58.875,-13.625
403,1065,1066,4534,1425188319,-58.625,-13.625
404,1066,1067,316,97094326,-58.375,-13.625
405,1067,1068,5,1545573,-58.125,-13.625
406,1068,1069,7086,0,-57.875,-13.625
407,1069,1070,3894,1227188528,-57.625,-13.625
408,1070,1071,701,230298155,-56.875,-13.625
409,1071,1072,3,903094,-56.625,-13.625
410,1072,1073,95,29312682,-56.375,-13.625
411,1073,1074,2914,904357488,-56.125,-13.625
412,1074,1075,4223,1335371225,-55.875,-13.625
413,1075,1076,1761,551538768,-55.625,-13.625
414,1076,1077,945,305128810,-55.375,-13.625
415,1077,1078,1218,362522528,-55.125,-13.625
416,1078,1079,1563,478190342,-54.875,-13.625
417,1079,1080,94,28635201,-54.625,-13.625
418,1081,1082,219,67288827,-54.125,-13.625
419,1082,1083,441,141002579,-53.875,-13.625
420,1083,1084,339,112457679,-53.625,-13.625
421,1084,1085,9,2880399,-53.375,-13.625
422,1085,1086,16,5318713,-53.125,-13.625
423,1086,1087,95,27822712,-52.875,-13.625
424,1087,1088,298,94236132,-52.625,-13.625
425,1088,1089,771,237717023,-52.375,-13.625
426,1089,1090,236,73475181,-52.125,-13.625
427,1090,1091,82,25448400,-51.875,-13.625
428,1091,1092,27,9040341,-51.625,-13.625
429,1095,1096,16,4726563,-50.625,-13.625
430,1096,1097,78,24298030,-50.375,-13.625
431,1097,1098,12,4013461,-50.125,-13.625
432,1098,1099,75,23665673,-49.875,-13.625
433,1099,1100,19,5664959,-49.625,-13.625
434,1100,1101,16,4811950,-49.375,-13.625
435,1101,1102,22,6953866,-49.125,-13.625
436,1102,1103,30,8921671,-48.875,-13.625
437,1113,1114,3404,1047690008,-46.125,-13.625
438,1114,1115,1428,449281582,-45.875,-13.625
439,1115,1116,324,102298490,-45.625,-13.625
440,1116,1117,83,26163179,-45.375,-13.625
441,1124,1125,31,11019272,-59.625,-13.875
442,1125,1126,1405,504899851,-59.375,-13.875
443,1126,1127,4348,1589604862,-59.125,-13.875
444,1127,1128,6586,0,-58.875,-13.875
445,1128,1129,542,189932932,-58.625,-13.875
446,1130,1131,627,240243982,-58.125,-13.875
447,1131,1132,4586,1693777194,-57.875,-13.875
448,1132,1133,4376,1603980337,-57.625,-13.875
449,1133,1134,5538,2046777157,-57.375,-13.875
450,1134,1135,5713,2085076051,-57.125,-13.875
451,1135,1136,1143,416038396,-56.875,-13.875
452,1136,1137,968,369780506,-56.625,-13.875
453,1137,1138,140,50610576,-56.375,-13.875
454,1138,1139,2775,1020820774,-56.125,-13.875
455,1139,1140,3235,1202969170,-55.875,-13.875
456,1140,1141,4201,1557229785,-55.625,-13.875
457,1141,1142,3532,1313401145,-55.375,-13.875
458,1142,1143,136,51390166,-55.125,-13.875
459,1143,1144,188,66677555,-54.875,-13.875
460,1144,1145,289,105401571,-54.625,-13.875
461,1148,1149,218,77484581,-53.625,-13.875
462,1149,1150,58,21122131,-53.375,-13.875
463,1150,1151,26,9953511,-53.125,-13.875
464,1151,1152,9,3148215,-52.875,-13.875
465,1152,1153,527,194583976,-52.625,-13.875
466,1153,1154,823,307763913,-52.375,-13.875
467,1154,1155,147,57168939,-52.125,-13.875
468,1155,1156,169,59976770,-51.875,-13.875
469,1156,1157,10,3403333,-51.625,-13.875
470,1160,1161,219,81984988,-50.625,-13.875
471,1161,1162,253,93116383,-50.375,-13.875
472,1162,1163,134,50074047,-50.125,-13.875
473,1163,1164,44,15519718,-49.875,-13.875
474,1164,1165,18,6645227,-49.625,-13.875
475,1165,1166,21,8215627,-49.375,-13.875
476,1166,1167,28,9780807,-49.125,-13.875
477,1168,1169,4,1406882,-48.625,-13.875
478,1177,1178,149,57105055,-46.375,-13.875
479,1178,1179,2903,1043015748,-46.125,-13.875
480,1179,1180,507,174831077,-45.875,-13.875
481,1181,1182,15,5458832,-45.375,-13.875
482,1189,1190,57,23083877,-59.375,-14.125
483,1190,1191,2685,1094579689,-59.125,-14.125
484,1191,1192,10,3958855,-58.875,-14.125
485,1194,1195,1697,695751852,-58.125,-14.125
486,1195,1196,4083,1683684506,-57.875,-14.125
487,1196,1197,2617,1064403272,-57.625,-14.125
488,1197,1198,4893,2008997783,-56.625,-14.125
489,1198,1199,1713,703389967,-56.375,-14.125
490,1199,1200,14,5660562,-56.125,-14.125
491,1200,1201,1221,488059191,-55.875,-14.125
492,1201,1202,214,85262900,-55.625,-14.125
493,1202,1203,1874,759952583,-55.375,-14.125
494,1203,1204,14,5554081,-55.125,-14.125
495,1204,1205,11,4597173,-54.875,-14.125
496,1206,1207,19,7974630,-54.375,-14.125
497,1207,1208,123,50927874,-54.125,-14.125
498,1208,1209,97,40367894,-53.875,-14.125
499,1209,1210,14,5869642,-53.625,-14.125
500,1213,1214,84,33903400,-52.625,-14.125
501,1214,1215,282,113945933,-52.375,-14.125
502,1215,1216,141,57642225,-52.125,-14.125
503,1216,1217,30,12074421,-51.875,-14.125
504,1220,1221,80,33391429,-50.875,-14.125
505,1221,1222,58,23737898,-50.625,-14.125
506,1222,1223,97,39452459,-50.375,-14.125
507,1223,1224,57,23144110,-50.125,-14.125
508,1225,1226,4,1600279,-49.625,-14.125
509,1226,1227,56,23192657,-49.375,-14.125
510,1227,1228,102,42081015,-49.125,-14.125
511,1228,1229,54,22541960,-48.875,-14.125
512,1229,1230,12,4970139,-48.625,-14.125
513,1230,1231,59,24093701,-48.375,-14.125
514,1232,1233,3,1229784,-47.875,-14.125
515,1234,1235,9,3777521,-47.375,-14.125
516,1239,1240,606,249195692,-46.125,-14.125
517,1240,1241,668,278556522,-45.875,-14.125
518,1241,1242,66,26828809,-45.625,-14.125
519,1242,1243,40,16354883,-45.375,-14.125
520,1251,1252,403,171326844,-59.375,-14.375
521,1252,1253,197,83267389,-59.125,-14.375
522,1255,1256,1688,725173843,-58.375,-14.375
523,1256,1257,1463,621278345,-58.125,-14.375
524,1257,1258,52,22054279,-56.625,-14.375
525,1258,1259,583,247783777,-56.375,-14.375
526,1259,1260,869,371996910,-56.125,-14.375
527,1260,1261,238,101041049,-55.875,-14.375
528,1264,1265,10,4255906,-54.875,-14.375
529,1266,1267,56,23753939,-54.375,-14.375
530,1267,1268,102,43376030,-54.125,-14.375
531,1268,1269,280,118828292,-53.875,-14.375
532,1269,1270,3,1264515,-53.625,-14.375
533,1271,1272,3,1276306,-53.125,-14.375
534,1272,1273,2,847730,-52.875,-14.375
535,1274,1275,15,6447857,-52.375,-14.375
536,1279,1280,327,140542037,-51.125,-14.375
537,1280,1281,199,84726472,-50.875,-14.375
538,1281,1282,24,10225326,-50.625,-14.375
539,1282,1283,155,66089361,-50.375,-14.375
540,1287,1288,250,106210422,-49.125,-14.375
541,1288,1289,567,243061238,-48.875,-14.375
542,1289,1290,195,82487174,-48.625,-14.375
543,1290,1291,14,5979284,-48.375,-14.375
544,1293,1294,478,204215133,-47.625,-14.375
545,1294,1295,269,115459024,-47.375,-14.375
546,1300,1301,402,171529651,-45.875,-14.375
547,1301,1302,316,134879961,-45.625,-14.375
548,1311,1312,16,6954148,-58.875,-14.625
549,1312,1313,402,174373124,-58.625,-14.625
550,1313,1314,769,332520996,-58.375,-14.625
551,1315,1316,2,869590,-56.625,-14.625
552,1316,1317,424,183750093,-56.375,-14.625
553,1317,1318,90,38898484,-56.125,-14.625
554,1318,1319,72,31211697,-55.875,-14.625
555,1319,1320,19,8259688,-55.625,-14.625
556,1321,1322,14,6099764,-55.125,-14.625
557,1322,1323,42,18241417,-54.875,-14.625
558,1325,1326,54,23634585,-54.125,-14.625
559,1327,1328,75,32798345,-53.625,-14.625
560,1328,1329,546,238952922,-53.375,-14.625
561,1329,1330,5,2183815,-53.125,-14.625
562,1330,1331,46,19976942,-52.875,-14.625
563,1331,1332,13,5651439,-52.625,-14.625
564,1332,1333,421,182881178,-52.375,-14.625
565,1333,1334,223,97258841,-52.125,-14.625
566,1334,1335,159,69427583,-51.875,-14.625
567,1337,1338,96,41614915,-51.125,-14.625
568,1338,1339,9,3909028,-50.875,-14.625
569,1339,1340,115,50075854,-50.625,-14.625
570,1344,1345,24,10511417,-49.375,-14.625
571,1345,1346,649,282715753,-49.125,-14.625
572,1346,1347,160,69244431,-48.875,-14.625
573,1347,1348,25,10843253,-48.625,-14.625
574,1348,1349,45,19510600,-48.375,-14.625
575,1349,1350,34,14862216,-48.125,-14.625
576,1350,1351,668,291521714,-47.875,-14.625
577,1351,1352,761,331860682,-47.625,-14.625
578,1352,1353,393,170231310,-47.375,-14.625
579,1355,1356,133,58241524,-46.625,-14.625
580,1356,1357,251,109745326,-46.375,-14.625
581,1358,1359,183,79161072,-45.875,-14.625
582,1361,1362,45,19562373,-45.125,-14.625
583,1381,1382,51,23188848,-54.625,-14.875
584,1382,1383,1027,464843005,-54.375,-14.875
585,1383,1384,4758,0,-54.125,-14.875
586,1384,1385,3411,1546149356,-53.875,-14.875
587,1385,1386,4142,1862217881,-53.625,-14.875
588,1386,1387,1874,836306611,-53.375,-14.875
589,1387,1388,6,2687019,-53.125,-14.875
590,1388,1389,32,14466221,-52.875,-14.875
591,1389,1390,1426,643594573,-52.625,-14.875
592,1390,1391,626,281911481,-52.375,-14.875
593,1391,1392,595,268848001,-52.125,-14.875
594,1392,1393,106,47076343,-51.875,-14.875
595,1394,1395,176,78970358,-51.375,-14.875
596,1395,1396,57,25382415,-51.125,-14.875
597,1396,1397,328,149741790,-50.875,-14.875
598,1397,1398,57,25667161,-50.625,-14.875
599,1401,1402,73,32969579,-49.625,-14.875
600,1402,1403,277,124505824,-49.375,-14.875
601,1403,1404,310,138458162,-49.125,-14.875
602,1404,1405,201,91837562,-48.875,-14.875
603,1406,1407,28,12865735,-48.375,-14.875
604,1408,1409,469,209323198,-47.875,-14.875
605,1409,1410,1560,693059513,-47.625,-14.875
606,1410,1411,75,33668632,-47.375,-14.875
607,1411,1412,34,15318180,-47.125,-14.875
608,1412,1413,44,20304146,-46.875,-14.875
609,1413,1414,917,411042024,-46.625,-14.875
610,1414,1415,952,427690446,-46.375,-14.875
611,1421,1422,1,456394,-44.625,-14.875
612,1426,1427,4,1909805,-56.875,-15.125
613,1433,1434,1087,529658125,-55.125,-15.125
614,1434,1435,1500,721023744,-54.875,-15.125
615,1435,1436,2254,1082026480,-54.625,-15.125
616,1436,1437,3903,1868753227,-54.375,-15.125
617,1437,1438,5647,0,-54.125,-15.125
618,1438,1439,3505,1668889477,-53.875,-15.125
619,1439,1440,3645,1731246562,-53.625,-15.125
620,1440,1441,2779,1310122887,-53.375,-15.125
621,1442,1443,8,3881630,-52.875,-15.125
622,1443,1444,39,18116256,-52.625,-15.125
623,1444,1445,311,145388669,-52.375,-15.125
624,1445,1446,381,179425664,-52.125,-15.125
625,1446,1447,61,29141263,-51.875,-15.125
626,1447,1448,27,12983848,-51.625,-15.125
627,1448,1449,42,19856965,-51.375,-15.125
628,1449,1450,20,9642839,-51.125,-15.125
629,1450,1451,227,108485318,-50.875,-15.125
630,1451,1452,52,24456025,-50.625,-15.125
631,1453,1454,3,1459377,-50.125,-15.125
632,1455,1456,354,168693310,-49.625,-15.125
633,1456,1457,276,131006245,-49.375,-15.125
634,1457,1458,374,181229903,-49.125,-15.125
635,1458,1459,653,310683103,-48.875,-15.125
636,1459,1460,87,42505705,-48.625,-15.125
637,1460,1461,303,144695625,-48.375,-15.125
638,1461,1462,45,21593305,-48.125,-15.125
639,1462,1463,100,46449153,-47.875,-15.125
640,1463,1464,300,145504532,-47.625,-15.125
641,1464,1465,27,13081082,-47.375,-15.125
642,1465,1466,22,10385907,-47.125,-15.125
643,1466,1467,861,413423993,-46.875,-15.125
644,1467,1468,614,297192803,-46.625,-15.125
645,1468,1469,316,151237126,-46.375,-15.125
646,1471,1472,487,237736348,-45.625,-15.125
647,1472,1473,49,23976070,-45.375,-15.125
648,1487,1488,275,146343528,-55.625,-15.375
649,1488,1489,1144,591787325,-55.375,-15.375
650,1489,1490,6494,0,-55.125,-15.375
651,1490,1491,5585,0,-54.875,-15.375
652,1491,1492,3697,1903705260,-54.625,-15.375
653,1492,1493,6778,0,-54.375,-15.375
654,1493,1494,4616,0,-54.125,-15.375
655,1494,1495,1024,525853520,-53.875,-15.375
656,1495,1496,3100,1595770450,-53.625,-15.375
657,1496,1497,1264,649261622,-53.375,-15.375
658,1497,1498,7,3456518,-53.125,-15.375
659,1500,1501,261,138063483,-52.375,-15.375
660,1501,1502,250,127091070,-52.125,-15.375
661,1502,1503,71,36959241,-51.875,-15.375
662,1503,1504,256,134424202,-51.625,-15.375
663,1504,1505,168,87841451,-51.375,-15.375
664,1505,1506,234,122495810,-51.125,-15.375
665,1506,1507,272,138680714,-50.875,-15.375
666,1507,1508,8,4200526,-50.625,-15.375
667,1510,1511,128,64484753,-49.875,-15.375
668,1511,1512,55,28396347,-49.625,-15.375
669,1512,1513,47,24349822,-49.375,-15.375
670,1513,1514,126,64286238,-49.125,-15.375
671,1514,1515,558,282993708,-48.875,-15.375
672,1515,1516,843,435808501,-48.625,-15.375
673,1516,1517,167,83364845,-48.375,-15.375
674,1518,1519,3,1478355,-47.875,-15.375
675,1519,1520,557,282852916,-47.625,-15.375
676,1520,1521,267,138495909,-47.375,-15.375
677,1521,1522,165,87128147,-47.125,-15.375
678,1522,1523,1235,625711144,-46.875,-15.375
679,1523,1524,1669,854762096,-46.625,-15.375
680,1524,1525,1222,640927945,-46.375,-15.375
681,1526,1527,175,90025120,-45.875,-15.375
682,1527,1528,922,464660979,-45.625,-15.375
683,1537,1538,28,15301787,-57.375,-15.625
684,1539,1540,14,7602918,-56.875,-15.625
685,1544,1545,125,67207570,-55.625,-15.625
686,1545,1546,1519,830478303,-55.375,-15.625
687,1546,1547,2150,1178185736,-55.125,-15.625
688,1547,1548,802,432199859,-54.875,-15.625
689,1548,1549,720,388739926,-54.625,-15.625
690,1549,1550,1306,706835299,-54.375,-15.625
691,1550,1551,3002,1637552457,-54.125,-15.625
692,1551,1552,562,305057730,-53.875,-15.625
693,1552,1553,669,362162066,-53.625,-15.625
694,1553,1554,14,7560124,-53.375,-15.625
695,1557,1558,246,134140222,-52.375,-15.625
696,1558,1559,308,167229330,-52.125,-15.625
697,1559,1560,240,131595565,-51.875,-15.625
698,1560,1561,812,444087237,-51.625,-15.625
699,1561,1562,734,401170619,-51.375,-15.625
700,1562,1563,1149,626432575,-51.125,-15.625
701,1563,1564,96,52660097,-50.875,-15.625
702,1564,1565,22,11962536,-50.625,-15.625
703,1567,1568,45,24824223,-49.875,-15.625
704,1568,1569,43,23742669,-49.625,-15.625
705,1569,1570,7,3854271,-49.375,-15.625
706,1570,1571,4,2209154,-49.125,-15.625
707,1571,1572,7,3768901,-48.875,-15.625
708,1572,1573,58,31758433,-48.625,-15.625
709,1573,1574,20,11026298,-48.375,-15.625
710,1574,1575,34,18740950,-48.125,-15.625
711,1575,1576,10,5512352,-47.875,-15.625
712,1576,1577,921,505861535,-47.625,-15.625
713,1577,1578,1633,898655671,-47.375,-15.625
714,1578,1579,923,504373698,-47.125,-15.625
715,1579,1580,216,117382205,-46.875,-15.625
716,1580,1581,71,38880909,-46.625,-15.625
717,1581,1582,349,190202977,-46.375,-15.625
718,1582,1583,18,9919920,-46.125,-15.625
719,1586,1587,48,26213111,-45.125,-15.625
720,1587,1588,5,2711772,-44.875,-15.625
721,1597,1598,2,1110719,-57.375,-15.875
722,1599,1600,3,1705479,-56.875,-15.875
723,1600,1601,5,2842342,-56.625,-15.875
724,1603,1604,1126,632304568,-55.375,-15.875
725,1604,1605,2041,1145019994,-55.125,-15.875
726,1605,1606,92,52207690,-54.875,-15.875
727,1609,1610,483,272804099,-53.875,-15.875
728,1610,1611,258,145236207,-53.625,-15.875
729,1611,1612,59,33468244,-53.375,-15.875
730,1615,1616,2,1111002,-52.375,-15.875
731,1616,1617,55,31007826,-52.125,-15.875
732,1617,1618,284,160231388,-51.875,-15.875
733,1618,1619,1439,809618809,-51.625,-15.875
734,1619,1620,446,250994034,-51.375,-15.875
735,1620,1621,116,65333753,-51.125,-15.875
736,1621,1622,47,26293324,-50.875,-15.875
737,1622,1623,11,6152523,-50.625,-15.875
738,1623,1624,9,5119967,-50.375,-15.875
739,1624,1625,1,560835,-50.125,-15.875
740,1625,1626,217,122633586,-49.875,-15.875
741,1626,1627,109,61735586,-49.625,-15.875
742,1627,1628,10,5606529,-49.375,-15.875
743,1628,1629,20,11344225,-49.125,-15.875
744,1629,1630,5,2833414,-48.875,-15.875
745,1630,1631,194,109992632,-48.625,-15.875
746,1632,1633,10,5684295,-48.125,-15.875
747,1633,1634,47,26698333,-47.875,-15.875
748,1634,1635,1013,568767651,-47.625,-15.875
749,1635,1636,1429,804436597,-47.375,-15.875
750,1636,1637,1774,995667034,-47.125,-15.875
751,1637,1638,850,477886262,-46.875,-15.875
752,1638,1639,1056,594023484,-46.625,-15.875
753,1639,1640,1154,647210137,-46.375,-15.875
754,1640,1641,9,5092780,-46.125,-15.875
755,1641,1642,10,5693910,-45.875,-15.875
756,1642,1643,10,5599376,-45.625,-15.875
757,1655,1656,2,1155177,-56.875,-16.125
758,1656,1657,15,8568313,-56.625,-16.125
759,1657,1658,863,497053679,-55.375,-16.125
760,1658,1659,1202,694426448,-55.125,-16.125
761,1659,1660,78,44749288,-54.875,-16.125
762,1663,1664,650,375716708,-53.875,-16.125
763,1664,1665,118,67488434,-53.625,-16.125
764,1665,1666,1079,628991863,-53.375,-16.125
765,1666,1667,5,2923009,-53.125,-16.125
766,1667,1668,16,9321503,-52.875,-16.125
767,1669,1670,7,4058712,-52.375,-16.125
768,1670,1671,48,27694246,-52.125,-16.125
769,1671,1672,277,160451216,-51.875,-16.125
770,1672,1673,429,246130732,-51.625,-16.125
771,1673,1674,15,8665130,-51.375,-16.125
772,1674,1675,51,29466321,-51.125,-16.125
773,1675,1676,60,34706833,-50.875,-16.125
774,1678,1679,77,44417223,-50.125,-16.125
775,1679,1680,400,230112333,-49.875,-16.125
776,1680,1681,219,125757078,-49.625,-16.125
777,1681,1682,49,28226652,-49.375,-16.125
778,1682,1683,47,27044135,-49.125,-16.125
779,1683,1684,245,142390039,-48.875,-16.125
780,1684,1685,89,51659969,-48.625,-16.125
781,1685,1686,7,3991107,-48.375,-16.125
782,1686,1687,29,16771255,-48.125,-16.125
783,1687,1688,53,30282265,-47.875,-16.125
784,1688,1689,2700,1558544294,-47.625,-16.125
785,1689,1690,2462,1417864709,-47.375,-16.125
786,1690,1691,652,372375667,-47.125,-16.125
787,1692,1693,2234,1291126116,-46.625,-16.125
788,1693,1694,1186,685697942,-46.375,-16.125
789,1694,1695,40,23177232,-46.125,-16.125
790,1695,1696,20,11395038,-45.875,-16.125
791,1696,1697,22,12682722,-45.625,-16.125
792,1698,1699,31,17900518,-45.125,-16.125
793,1709,1710,464,274719417,-55.375,-16.375
794,1710,1711,1045,618440047,-55.125,-16.375
795,1711,1712,22,13008196,-54.875,-16.375
796,1712,1713,47,28136510,-54.625,-16.375
797,1715,1716,136,81867579,-53.875,-16.375
798,1716,1717,159,94278562,-53.625,-16.375
799,1717,1718,2667,1572396894,-53.375,-16.375
800,1718,1719,211,125272398,-53.125,-16.375
801,1719,1720,1106,661718330,-52.875,-16.375
802,1720,1721,313,188168638,-52.625,-16.375
803,1721,1722,270,162075564,-52.375,-16.375
804,1722,1723,42,24747733,-52.125,-16.375
805,1723,1724,46,27104070,-51.875,-16.375
806,1724,1725,5,2955858,-51.625,-16.375
807,1725,1726,25,14678278,-51.375,-16.375
808,1726,1727,9,5267540,-51.125,-16.375
809,1727,1728,11,6448125,-50.875,-16.375
810,1728,1729,9,5407000,-50.625,-16.375
811,1729,1730,38,22675372,-50.375,-16.375
812,1730,1731,112,66870384,-50.125,-16.375
813,1731,1732,218,129159659,-49.875,-16.375
814,1732,1733,79,46852507,-49.625,-16.375
815,1733,1734,106,63542640,-49.375,-16.375
816,1734,1735,76,45478781,-49.125,-16.375
817,1735,1736,545,326441736,-48.875,-16.375
818,1736,1737,1345,801909434,-48.625,-16.375
819,1737,1738,1652,990502967,-48.375,-16.375
820,1738,1739,303,182144159,-48.125,-16.375
821,1739,1740,475,284962960,-47.875,-16.375
822,1740,1741,2317,1373949022,-47.625,-16.375
823,1741,1742,1949,1161290442,-47.375,-16.375
824,1742,1743,2617,1567957777,-47.125,-16.375
825,1743,1744,3,1772842,-46.875,-16.375
826,1744,1745,370,218165564,-46.625,-16.375
827,1745,1746,2283,1361754261,-46.375,-16.375
828,1746,1747,200,118720215,-46.125,-16.375
829,1747,1748,1,586128,-45.875,-16.375
830,1748,1749,9,5336153,-45.625,-16.375
831,1749,1750,13,7665801,-45.375,-16.375
832,1750,1751,4,2349342,-45.125,-16.375
833,1762,1763,2509,1546192129,-54.875,-16.625
834,1763,1764,1107,682604599,-54.625,-16.625
835,1764,1765,6,3718576,-54.375,-16.625
836,1765,1766,128,79774539,-54.125,-16.625
837,1766,1767,1349,837147364,-53.875,-16.625
838,1767,1768,1700,1053167450,-53.625,-16.625
839,1770,1771,103,62534945,-52.875,-16.625
840,1771,1772,263,159987205,-52.625,-16.625
841,1772,1773,146,89535926,-52.375,-16.625
842,1773,1774,58,35885344,-52.125,-16.625
843,1774,1775,7,4348682,-51.875,-16.625
844,1776,1777,7,4313592,-51.375,-16.625
845,1777,1778,14,8602125,-51.125,-16.625
846,1779,1780,80,49015823,-50.625,-16.625
847,1780,1781,149,92003461,-50.375,-16.625
848,1781,1782,414,254411959,-50.125,-16.625
849,1782,1783,229,140903774,-49.875,-16.625
850,1783,1784,61,37648118,-49.625,-16.625
851,1784,1785,60,36664398,-49.375,-16.625
852,1785,1786,47,28882977,-49.125,-16.625
853,1786,1787,630,387413515,-48.875,-16.625
854,1787,1788,1151,712078528,-48.625,-16.625
855,1788,1789,1096,671511410,-48.375,-16.625
856,1789,1790,1055,645170623,-48.125,-16.625
857,1790,1791,399,244057829,-47.875,-16.625
858,1791,1792,1123,688548749,-47.625,-16.625
859,1792,1793,716,439445300,-47.375,-16.625
860,1793,1794,3478,2135497977,-47.125,-16.625
861,1794,1795,34,21024300,-46.875,-16.625
862,1795,1796,125,77547639,-46.625,-16.625
863,1796,1797,252,154073587,-46.375,-16.625
864,1797,1798,2,1213419,-46.125,-16.625
865,1798,1799,4,2496200,-45.875,-16.625
866,1801,1802,7,4367695,-45.125,-16.625
867,1814,1815,2607,1669553070,-54.875,-16.875
868,1815,1816,2110,1360360987,-54.625,-16.875
869,1816,1817,14,8992960,-54.375,-16.875
870,1817,1818,3391,0,-54.125,-16.875
871,1818,1819,3832,0,-53.875,-16.875
872,1819,1820,3515,0,-53.625,-16.875
873,1820,1821,527,343802289,-53.375,-16.875
874,1821,1822,17,11145381,-53.125,-16.875
875,1823,1824,3,1938946,-52.625,-16.875
876,1826,1827,28,17517407,-51.875,-16.875
877,1827,1828,23,14571822,-51.625,-16.875
878,1829,1830,845,549027541,-51.125,-16.875
879,1830,1831,585,381441702,-50.875,-16.875
880,1831,1832,212,138490923,-50.625,-16.875
881,1832,1833,417,268713042,-50.375,-16.875
882,1833,1834,125,80145963,-50.125,-16.875
883,1834,1835,940,601995279,-49.875,-16.875
884,1835,1836,330,209987850,-49.625,-16.875
885,1836,1837,45,28633559,-49.375,-16.875
886,1837,1838,23,14843452,-49.125,-16.875
887,1838,1839,366,233411311,-48.875,-16.875
888,1839,1840,2087,1331002209,-48.625,-16.875
889,1840,1841,2543,1623390086,-48.375,-16.875
890,1841,1842,603,382916146,-48.125,-16.875
891,1842,1843,617,396849774,-47.875,-16.875
892,1843,1844,2334,1503638958,-47.625,-16.875
893,1844,1845,1089,698457079,-47.375,-16.875
894,1845,1846,1305,829737707,-47.125,-16.875
895,1846,1847,11,6964746,-46.875,-16.875
896,1847,1848,360,231361648,-46.625,-16.875
897,1848,1849,534,346981838,-46.375,-16.875
898,1849,1850,191,124215981,-46.125,-16.875
899,1850,1851,49,30808169,-45.875,-16.875
900,1852,1853,23,14742260,-45.375,-16.875
901,1853,1854,13,8237126,-45.125,-16.875
902,1865,1866,1962,1321521743,-54.875,-17.125
903,1866,1867,4517,0,-54.625,-17.125
904,1867,1868,1338,906639275,-54.375,-17.125
905,1868,1869,1466,973401999,-54.125,-17.125
906,1869,1870,175,115319658,-53.875,-17.125
907,1870,1871,148,98754012,-53.625,-17.125
908,1871,1872,1913,1273117143,-53.375,-17.125
909,1872,1873,277,185757680,-53.125,-17.125
910,1873,1874,34,23494307,-52.875,-17.125
911,1877,1878,67,46013641,-51.875,-17.125
912,1878,1879,969,664376563,-51.625,-17.125
913,1879,1880,1314,901909057,-51.375,-17.125
914,1880,1881,3782,0,-51.125,-17.125
915,1881,1882,3907,0,-50.875,-17.125
916,1882,1883,2083,1409557392,-50.625,-17.125
917,1883,1884,2349,1592803394,-50.375,-17.125
918,1884,1885,1183,806746676,-50.125,-17.125
919,1885,1886,1088,728936573,-49.875,-17.125
920,1886,1887,295,201941999,-49.625,-17.125
921,1887,1888,6,4138637,-49.375,-17.125
922,1888,1889,62,41695248,-49.125,-17.125
923,1889,1890,207,140356262,-48.875,-17.125
924,1890,1891,130,87620775,-48.625,-17.125
925,1891,1892,684,455905097,-48.375,-17.125
926,1892,1893,157,105083603,-48.125,-17.125
927,1893,1894,946,640496654,-47.875,-17.125
928,1894,1895,2309,1552912644,-47.625,-17.125
929,1895,1896,1327,894769883,-47.375,-17.125
930,1896,1897,313,207676712,-47.125,-17.125
931,1897,1898,32,21399040,-46.875,-17.125
932,1898,1899,524,355840317,-46.625,-17.125
933,1899,1900,247,164050237,-46.375,-17.125
934,1900,1901,88,57977042,-46.125,-17.125
935,1902,1903,36,24240769,-45.625,-17.125
936,1916,1917,4162,0,-54.875,-17.375
937,1917,1918,3705,0,-54.625,-17.375
938,1918,1919,1971,1422283872,-54.375,-17.375
939,1919,1920,195,145178704,-54.125,-17.375
940,1922,1923,5,3462100,-53.375,-17.375
941,1923,1924,32,22393034,-53.125,-17.375
942,1924,1925,2442,1776297445,-52.875,-17.375
943,1925,1926,2321,1687797243,-52.625,-17.375
944,1926,1927,3166,0,-52.375,-17.375
945,1927,1928,611,452345322,-52.125,-17.375
946,1928,1929,2159,1559060320,-51.875,-17.375
947,1929,1930,5321,0,-51.625,-17.375
948,1930,1931,5414,0,-51.375,-17.375
949,1931,1932,4141,0,-51.125,-17.375
950,1932,1933,3020,0,-50.875,-17.375
951,1933,1934,1730,1235315102,-50.625,-17.375
952,1934,1935,3397,0,-50.375,-17.375
953,1935,1936,2506,1805676691,-50.125,-17.375
954,1936,1937,2556,1860029797,-49.875,-17.375
955,1937,1938,429,307303785,-49.625,-17.375
956,1938,1939,444,327328220,-49.375,-17.375
957,1939,1940,192,140208854,-49.125,-17.375
958,1940,1941,454,329526805,-48.875,-17.375
959,1941,1942,364,264012359,-48.625,-17.375
960,1942,1943,36,25781383,-48.375,-17.375
961,1943,1944,150,109064363,-48.125,-17.375
962,1944,1945,4611,0,-47.875,-17.375
963,1945,1946,978,689451972,-47.625,-17.375
964,1946,1947,1083,793101981,-47.375,-17.375
965,1947,1948,802,580854573,-47.125,-17.375
966,1948,1949,101,73858602,-46.875,-17.375
967,1949,1950,209,149400556,-46.625,-17.375
968,1950,1951,106,74475041,-46.375,-17.375
969,1951,1952,7,5111021,-46.125,-17.375
970,1952,1953,15,11013638,-45.875,-17.375
971,1954,1955,23,16893529,-45.375,-17.375
972,1967,1968,1631,1254188654,-54.875,-17.625
973,1968,1969,3366,0,-54.625,-17.625
974,1969,1970,491,384360803,-54.375,-17.625
975,1970,1971,378,285410813,-54.125,-17.625
976,1972,1973,107,85553978,-53.625,-17.625
977,1973,1974,1054,839547053,-53.375,-17.625
978,1974,1975,263,209487809,-53.125,-17.625
979,1975,1976,862,662568066,-52.875,-17.625
980,1976,1977,315,240504179,-52.625,-17.625
981,1977,1978,811,619667285,-52.375,-17.625
982,1978,1979,2826,0,-52.125,-17.625
983,1979,1980,627,480493914,-51.875,-17.625
984,1980,1981,4433,0,-51.625,-17.625
985,1981,1982,4677,0,-51.375,-17.625
986,1982,1983,3260,0,-51.125,-17.625
987,1983,1984,1697,1322705036,-50.875,-17.625
988,1984,1985,2625,2056228727,-50.625,-17.625
989,1985,1986,2924,0,-50.375,-17.625
990,1986,1987,3840,0,-50.125,-17.625
991,1987,1988,4285,0,-49.875,-17.625
992,1988,1989,1804,1414897663,-49.625,-17.625
993,1989,1990,435,332151715,-49.375,-17.625
994,1990,1991,537,419529330,-49.125,-17.625
995,1991,1992,177,138709747,-48.875,-17.625
996,1992,1993,919,711141659,-48.625,-17.625
997,1993,1994,263,209786848,-48.375,-17.625
998,1994,1995,333,262153104,-48.125,-17.625
999,1995,1996,1153,888324352,-47.875,-17.625
1000,1996,1997,1203,947077375,-47.625,-17.625
1001,1997,1998,3980,0,-47.375,-17.625
1002,1998,1999,2016,1559826583,-47.125,-17.625
1003,1999,2000,249,192468612,-46.875,-17.625
1004,2000,2001,134,102304149,-46.625,-17.625
1005,2001,2002,198,151766810,-46.375,-17.625
1006,2017,2018,1569,1291984969,-54.875,-17.875
1007,2018,2019,361,294669531,-54.625,-17.875
1008,2020,2021,5,4284098,-54.125,-17.875
1009,2022,2023,216,175541711,-53.625,-17.875
1010,2023,2024,4523,0,-53.375,-17.875
1011,2024,2025,2559,0,-53.125,-17.875
1012,2025,2026,694,571006009,-52.875,-17.875
1013,2027,2028,107,86878837,-52.375,-17.875
1014,2028,2029,5260,0,-52.125,-17.875
1015,2029,2030,1993,1670057536,-51.875,-17.875
1016,2030,2031,1757,1441996934,-51.625,-17.875
1017,2031,2032,969,790804214,-51.375,-17.875
1018,2032,2033,1482,1226005832,-51.125,-17.875
1019,2033,2034,1588,1317224346,-50.875,-17.875
1020,2034,2035,2938,0,-50.625,-17.875
1021,2035,2036,2867,0,-50.375,-17.875
1022,2036,2037,4436,0,-50.125,-17.875
1023,2037,2038,5770,0,-49.875,-17.875
1024,2038,2039,4315,0,-49.625,-17.875
1025,2039,2040,1701,1425396046,-49.375,-17.875
1026,2040,2041,1770,1484118197,-49.125,-17.875
1027,2041,2042,384,314924155,-48.875,-17.875
1028,2042,2043,11,9069932,-48.625,-17.875
1029,2043,2044,244,202009251,-48.375,-17.875
1030,2044,2045,169,136857972,-48.125,-17.875
1031,2045,2046,335,278777109,-47.875,-17.875
1032,2046,2047,630,520674651,-47.625,-17.875
1033,2047,2048,1796,1493802998,-47.375,-17.875
1034,2048,2049,849,708969919,-47.125,-17.875
1035,2049,2050,16,13145131,-46.875,-17.875
1036,2050,2051,136,111860303,-46.625,-17.875
1037,2052,2053,4,3258553,-46.125,-17.875
1038,2053,2054,12,9968560,-45.875,-17.875
1039,2054,2055,22,18789213,-45.625,-17.875
1040,2055,2056,650,539940468,-45.375,-17.875
1041,2065,2066,542,478655465,-54.875,-18.125
1042,2066,2067,529,463082101,-54.625,-18.125
1043,2068,2069,6,5145178,-54.125,-18.125
1044,2071,2072,998,874611397,-53.375,-18.125
1045,2072,2073,6007,0,-53.125,-18.125
1046,2074,2075,745,653914832,-52.625,-18.125
1047,2076,2077,1423,1231425806,-52.125,-18.125
1048,2077,2078,2514,0,-51.875,-18.125
1049,2078,2079,144,125775534,-51.625,-18.125
1050,2079,2080,10,8781550,-51.375,-18.125
1051,2080,2081,377,325866069,-51.125,-18.125
1052,2081,2082,2002,1751091447,-50.875,-18.125
1053,2082,2083,1058,919854950,-50.625,-18.125
1054,2083,2084,1245,1082153313,-50.375,-18.125
1055,2084,2085,3542,0,-50.125,-18.125
1056,2085,2086,4624,0,-49.875,-18.125
1057,2086,2087,2250,1960022704,-49.625,-18.125
1058,2087,2088,1251,1090313790,-49.375,-18.125
1059,2088,2089,314,273209872,-49.125,-18.125
1060,2089,2090,22,19338542,-48.375,-18.125
1061,2090,2091,6,5268339,-48.125,-18.125
1062,2091,2092,56,49104521,-47.875,-18.125
1063,2093,2094,498,434661091,-47.375,-18.125
1064,2094,2095,659,576086228,-47.125,-18.125
1065,2095,2096,14,12460893,-46.875,-18.125
1066,2096,2097,274,241632515,-46.625,-18.125
1067,2097,2098,1486,1301205943,-46.375,-18.125
1068,2098,2099,39,34640770,-46.125,-18.125
1069,2099,2100,439,388556529,-45.875,-18.125
1070,2100,2101,17,14830046,-45.625,-18.125
1071,2110,2111,168,149837340,-54.875,-18.375
1072,2111,2112,27,24154592,-54.625,-18.375
1073,2116,2117,564,506366423,-53.375,-18.375
1074,2117,2118,1879,1684979873,-53.125,-18.375
1075,2118,2119,2788,0,-52.875,-18.375
1076,2119,2120,3852,0,-52.625,-18.375
1077,2120,2121,356,323072647,-52.375,-18.375
1078,2121,2122,190,171721699,-52.125,-18.375
1079,2122,2123,52,46326071,-51.875,-18.375
1080,2124,2125,5,4474222,-51.375,-18.375
1081,2125,2126,34,30657010,-51.125,-18.375
1082,2126,2127,131,116798795,-50.875,-18.375
1083,2127,2128,159,142850932,-50.625,-18.375
1084,2128,2129,3906,0,-49.875,-18.375
1085,2129,2130,1053,949563659,-49.375,-18.375
1086,2130,2131,79,70743452,-47.875,-18.375
1087,2132,2133,197,176186999,-47.375,-18.375
1088,2133,2134,446,403563031,-47.125,-18.375
1089,2134,2135,60,53656353,-46.875,-18.375
1090,2135,2136,516,461484521,-46.625,-18.375
1091,2136,2137,45,40514856,-46.375,-18.375
1092,2137,2138,575,517122355,-46.125,-18.375
1093,2138,2139,902,807310360,-45.875,-18.375
1094,2140,2141,72,65369086,-45.375,-18.375
1095,2149,2150,294,271468772,-54.875,-18.625
1096,2156,2157,138,127183899,-53.125,-18.625
1097,2157,2158,4615,0,-52.875,-18.625
1098,2158,2159,5349,0,-52.625,-18.625
1099,2159,2160,1128,1032322832,-52.375,-18.625
1100,2160,2161,31,28277307,-52.125,-18.625
1101,2161,2162,143,131331227,-51.875,-18.625
1102,2164,2165,23,21069688,-50.625,-18.625
1103,2165,2166,2381,0,-49.625,-18.625
1104,2166,2167,167,154455677,-49.125,-18.625
1105,2167,2168,1390,1280051263,-48.875,-18.625
1106,2168,2169,1162,1071568435,-48.625,-18.625
1107,2169,2170,410,376980836,-48.125,-18.625
1108,2170,2171,775,717470185,-47.875,-18.625
1109,2171,2172,52,47796934,-47.625,-18.625
1110,2172,2173,15,13917617,-47.375,-18.625
1111,2173,2174,56,51424703,-47.125,-18.625
1112,2174,2175,693,636921807,-46.875,-18.625
1113,2175,2176,40,36986374,-46.625,-18.625
1114,2176,2177,16,14762744,-46.375,-18.625
1115,2178,2179,13,11872179,-45.875,-18.625
1116,2180,2181,60,55164535,-45.375,-18.625
1117,2181,2182,14,12989988,-45.125,-18.625
1118,2187,2188,10,9322699,-54.875,-18.875
1119,2188,2189,64,60302861,-54.625,-18.875
1120,2193,2194,27,25464917,-53.375,-18.875
1121,2194,2195,2,1868333,-53.125,-18.875
1122,2195,2196,1807,1693769433,-52.875,-18.875
1123,2196,2197,3044,0,-52.625,-18.875
1124,2197,2198,501,469085366,-52.375,-18.875
1125,2202,2203,18,16902225,-51.125,-18.875
1126,2203,2204,77,71797111,-50.125,-18.875
1127,2204,2205,231,216447773,-49.125,-18.875
1128,2205,2206,425,397712430,-48.875,-18.875
1129,2206,2207,943,881548330,-48.625,-18.875
1130,2207,2208,195,182909150,-48.375,-18.875
1131,2208,2209,503,473476123,-48.125,-18.875
1132,2209,2210,927,869701436,-47.875,-18.875
1133,2210,2211,1401,1316586236,-47.625,-18.875
1134,2211,2212,964,906041230,-47.375,-18.875
1135,2212,2213,227,213390369,-47.125,-18.875
1136,2213,2214,7,6533014,-46.875,-18.875
1137,2214,2215,290,271802651,-46.625,-18.875
1138,2215,2216,58,54465202,-46.375,-18.875
1139,2217,2218,12,11311530,-45.875,-18.875
1140,2218,2219,4,3767423,-45.625,-18.875
1141,2219,2220,30,28116603,-45.375,-18.875
1142,2220,2221,30,28206940,-45.125,-18.875
1143,2222,2223,12,11197330,-44.625,-18.875
1144,2223,2224,9,8449930,-44.375,-18.875
1145,2227,2228,241,229987068,-54.875,-19.125
1146,2228,2229,4135,0,-54.625,-19.125
1147,2229,2230,239,227916565,-54.375,-19.125
1148,2231,2232,18,17206850,-53.875,-19.125
1149,2232,2233,10,9522392,-53.625,-19.125
1150,2233,2234,339,320677199,-53.375,-19.125
1151,2234,2235,955,911142777,-53.125,-19.125
1152,2235,2236,136,128386462,-52.875,-19.125
1153,2236,2237,11,10389855,-52.625,-19.125
1154,2242,2243,1,947392,-51.125,-19.125
1155,2243,2244,21,20027123,-50.875,-19.125
1156,2244,2245,1,953335,-50.375,-19.125
1157,2245,2246,31,29343356,-50.125,-19.125
1158,2246,2247,14,13216353,-49.875,-19.125
1159,2247,2248,158,149891957,-49.625,-19.125
1160,2248,2249,63,59768991,-49.375,-19.125
1161,2249,2250,101,95505478,-49.125,-19.125
1162,2250,2251,452,427241851,-48.875,-19.125
1163,2251,2252,211,199958550,-48.625,-19.125
1164,2252,2253,660,625890772,-48.375,-19.125
1165,2253,2254,3045,0,-48.125,-19.125
1166,2254,2255,1516,1442240945,-47.875,-19.125
1167,2255,2256,1251,1187259558,-47.625,-19.125
1168,2256,2257,154,146801931,-47.375,-19.125
1169,2257,2258,183,173578963,-47.125,-19.125
1170,2258,2259,150,142861631,-46.875,-19.125
1171,2259,2260,199,189121361,-46.625,-19.125
1172,2260,2261,74,70430002,-46.375,-19.125
1173,2261,2262,283,270426315,-46.125,-19.125
1174,2262,2263,43,40679791,-45.875,-19.125
1175,2265,2266,44,42056213,-45.125,-19.125
1176,2266,2267,55,52539351,-44.875,-19.125
1177,2267,2268,4,3820082,-44.625,-19.125
1178,2268,2269,4,3778298,-44.375,-19.125
1179,2273,2274,273,263468676,-54.875,-19.375
1180,2274,2275,5595,0,-54.625,-19.375
1181,2275,2276,1272,1234975716,-54.375,-19.375
1182,2277,2278,88,86070802,-53.875,-19.375
1183,2278,2279,18,17632941,-53.625,-19.375
1184,2279,2280,191,185647715,-53.375,-19.375
1185,2280,2281,1103,1064795815,-53.125,-19.375
1186,2281,2282,560,544055065,-52.875,-19.375
1187,2282,2283,62,59515536,-52.625,-19.375
1188,2288,2289,6,5862306,-51.125,-19.375
1189,2289,2290,2,1925358,-50.375,-19.375
1190,2290,2291,3,2876012,-50.125,-19.375
1191,2293,2294,13,12463977,-49.375,-19.375
1192,2294,2295,7,6786918,-49.125,-19.375
1193,2296,2297,57,54891555,-48.625,-19.375
1194,2297,2298,203,196682501,-48.375,-19.375
1195,2298,2299,850,819636509,-48.125,-19.375
1196,2299,2300,3939,0,-47.875,-19.375
1197,2300,2301,2192,2128288398,-47.625,-19.375
1198,2301,2302,2978,0,-47.375,-19.375
1199,2302,2303,227,219936443,-47.125,-19.375
1200,2303,2304,121,116732539,-46.875,-19.375
1201,2304,2305,504,488198225,-46.625,-19.375
1202,2305,2306,418,405874226,-46.375,-19.375
1203,2306,2307,1005,973033837,-46.125,-19.375
1204,2310,2311,70,67410946,-45.125,-19.375
1205,2311,2312,243,234389850,-44.875,-19.375
1206,2312,2313,22,21385082,-44.625,-19.375
1207,2313,2314,20,19505991,-44.375,-19.375
1208,2314,2315,6,5873055,-44.125,-19.375
1209,2320,2321,977,960336842,-54.625,-19.625
1210,2321,2322,831,817440732,-54.375,-19.625
1211,2322,2323,41,40495820,-54.125,-19.625
1212,2323,2324,831,818011820,-53.875,-19.625
1213,2324,2325,95,93763324,-53.625,-19.625
1214,2325,2326,112,110321158,-53.375,-19.625
1215,2327,2328,33,32370448,-52.875,-19.625
1216,2334,2335,34,33443766,-51.125,-19.625
1217,2335,2336,46,45391824,-50.625,-19.625
1218,2336,2337,6,5908628,-50.375,-19.625
1219,2339,2340,13,12830010,-49.375,-19.625
1220,2341,2342,214,211441969,-48.875,-19.625
1221,2342,2343,277,273862103,-48.625,-19.625
1222,2343,2344,29,28668635,-48.375,-19.625
1223,2344,2345,241,237796710,-48.125,-19.625
1224,2345,2346,763,749863802,-47.875,-19.625
1225,2346,2347,2821,0,-47.625,-19.625
1226,2347,2348,1547,1524879401,-47.375,-19.625
1227,2348,2349,140,138071585,-47.125,-19.625
1228,2350,2351,56,55125790,-46.625,-19.625
1229,2351,2352,33,32581710,-46.375,-19.625
1230,2352,2353,26,25570575,-46.125,-19.625
1231,2353,2354,11,10861319,-45.875,-19.625
1232,2354,2355,7,6922856,-45.625,-19.625
1233,2355,2356,19,18740167,-45.375,-19.625
1234,2356,2357,8,7897157,-45.125,-19.625
1235,2358,2359,7,6926504,-44.375,-19.625
1236,2359,2360,8,7848930,-44.125,-19.625
1237,2364,2365,18,17872662,-56.875,-19.875
1238,2365,2366,5,5002800,-56.375,-19.875
1239,2370,2371,269,268011440,-54.375,-19.875
1240,2371,2372,126,124890302,-54.125,-19.875
1241,2372,2373,57,56471990,-53.875,-19.875
1242,2373,2374,172,171024656,-53.625,-19.875
1243,2374,2375,5,4962921,-53.375,-19.875
1244,2375,2376,2,1985084,-53.125,-19.875
1245,2383,2384,103,102903760,-49.125,-19.875
1246,2384,2385,1520,1513218540,-48.875,-19.875
1247,2385,2386,3473,0,-48.625,-19.875
1248,2386,2387,2365,0,-48.375,-19.875
1249,2387,2388,1092,1088169966,-48.125,-19.875
1250,2388,2389,796,792108786,-47.875,-19.875
1251,2389,2390,1007,1000582586,-47.625,-19.875
1252,2390,2391,434,432041351,-47.375,-19.875
1253,2391,2392,25,24958453,-47.125,-19.875
1254,2392,2393,35,34667503,-46.875,-19.875
1255,2393,2394,165,164609610,-46.625,-19.875
1256,2394,2395,3,2983012,-46.375,-19.875
1257,2396,2397,11,10961521,-45.875,-19.875
1258,2397,2398,166,165630582,-45.625,-19.875
1259,2398,2399,34,33729869,-45.375,-19.875
1260,2404,2405,3,3047563,-57.125,-20.125
1261,2411,2412,7,7049664,-54.625,-20.125
1262,2412,2413,216,218934447,-54.375,-20.125
1263,2417,2418,38,38347979,-53.125,-20.125
1264,2419,2420,10,10088029,-52.625,-20.125
1265,2421,2422,20,20059440,-52.125,-20.125
1266,2424,2425,9,9069045,-51.375,-20.125
1267,2426,2427,774,782739252,-49.125,-20.125
1268,2427,2428,1979,1997994900,-48.875,-20.125
1269,2428,2429,4090,0,-48.625,-20.125
1270,2429,2430,4279,0,-48.375,-20.125
1271,2430,2431,3442,0,-48.125,-20.125
1272,2431,2432,2907,0,-47.875,-20.125
1273,2432,2433,424,429316256,-47.625,-20.125
1274,2433,2434,36,36094484,-47.375,-20.125
1275,2434,2435,56,56475325,-47.125,-20.125
1276,2435,2436,22,22272131,-46.875,-20.125
1277,2438,2439,51,51518005,-46.125,-20.125
1278,2439,2440,1,1016514,-45.875,-20.125
1279,2440,2441,628,632691078,-45.625,-20.125
1280,2446,2447,32,32749867,-56.375,-20.375
1281,2451,2452,112,114925636,-54.875,-20.375
1282,2452,2453,18,18453053,-54.625,-20.375
1283,2453,2454,84,86134830,-54.375,-20.375
1284,2454,2455,51,52284673,-54.125,-20.375
1285,2461,2462,5,5125376,-52.375,-20.375
1286,2465,2466,22,22838968,-50.125,-20.375
1287,2466,2467,139,142616385,-49.875,-20.375
1288,2467,2468,19,19692609,-49.625,-20.375
1289,2468,2469,437,450029268,-48.875,-20.375
1290,2469,2470,2343,0,-48.625,-20.375
1291,2470,2471,4784,0,-48.375,-20.375
1292,2471,2472,5995,0,-48.125,-20.375
1293,2472,2473,4181,0,-47.875,-20.375
1294,2473,2474,1738,1797315594,-47.625,-20.375
1295,2474,2475,47,48527202,-47.375,-20.375
1296,2475,2476,6,6138116,-47.125,-20.375
1297,2477,2478,45,46773009,-46.625,-20.375
1298,2479,2480,4,4153692,-46.125,-20.375
1299,2480,2481,37,38099757,-45.875,-20.375
1300,2481,2482,21,21791191,-45.625,-20.375
1301,2487,2488,13,13545764,-56.375,-20.625
1302,2491,2492,9,9478403,-55.375,-20.625
1303,2492,2493,12,12558209,-55.125,-20.625
1304,2493,2494,148,154958198,-54.875,-20.625
1305,2494,2495,85,89167254,-54.625,-20.625
1306,2502,2503,8,8366561,-52.625,-20.625
1307,2505,2506,14,14603248,-49.875,-20.625
1308,2507,2508,6,6296564,-49.375,-20.625
1309,2508,2509,179,187813322,-49.125,-20.625
1310,2509,2510,1195,1253014917,-48.625,-20.625
1311,2510,2511,2757,0,-48.375,-20.625
1312,2511,2512,4059,0,-48.125,-20.625
1313,2512,2513,2416,0,-47.875,-20.625
1314,2513,2514,1281,1343878401,-47.625,-20.625
1315,2514,2515,195,204962430,-47.375,-20.625
1316,2516,2517,132,138277855,-46.625,-20.625
1317,2517,2518,60,63040762,-46.375,-20.625
1318,2518,2519,19,20012078,-46.125,-20.625
1319,2519,2520,60,62755357,-45.875,-20.625
1320,2520,2521,13,13584885,-45.625,-20.625
1321,2530,2531,28,29712468,-55.375,-20.875
1322,2531,2532,283,300869126,-55.125,-20.875
1323,2532,2533,652,691301038,-54.875,-20.875
1324,2533,2534,607,644120231,-54.625,-20.875
1325,2534,2535,8,8503850,-54.375,-20.875
1326,2540,2541,4,4220626,-52.875,-20.875
1327,2545,2546,173,182633602,-49.125,-20.875
1328,2546,2547,1296,1372502705,-48.375,-20.875
1329,2547,2548,2521,0,-48.125,-20.875
1330,2548,2549,2113,0,-47.875,-20.875
1331,2549,2550,1189,1258311800,-47.625,-20.875
1332,2550,2551,580,614206911,-47.375,-20.875
1333,2553,2554,8,8473541,-46.375,-20.875
1334,2554,2555,31,32797299,-46.125,-20.875
1335,2555,2556,13,13767594,-45.875,-20.875
1336,2557,2558,2,2145669,-57.375,-21.125
1337,2559,2560,7,7455266,-56.875,-21.125
1338,2560,2561,30,31954341,-56.625,-21.125
1339,2561,2562,27,28967814,-56.375,-21.125
1340,2564,2565,229,245488237,-55.625,-21.125
1341,2565,2566,1599,1710414384,-55.375,-21.125
1342,2566,2567,1850,1975147775,-55.125,-21.125
1343,2567,2568,678,723440376,-54.875,-21.125
1344,2568,2569,190,202699655,-54.625,-21.125
1345,2574,2575,3,3217057,-53.125,-21.125
1346,2579,2580,1741,1861358643,-48.375,-21.125
1347,2580,2581,1295,1383571047,-48.125,-21.125
1348,2581,2582,867,927202235,-47.875,-21.125
1349,2582,2583,594,635380558,-47.625,-21.125
1350,2583,2584,44,46894719,-47.375,-21.125
1351,2584,2585,18,19217978,-47.125,-21.125
1352,2587,2588,3,3220645,-57.375,-21.375
1353,2590,2591,318,342887020,-56.625,-21.375
1354,2591,2592,185,199099861,-56.375,-21.375
1355,2593,2594,29,31390583,-55.875,-21.375
1356,2594,2595,422,456836678,-55.625,-21.375
1357,2595,2596,2220,0,-55.375,-21.375
1358,2596,2597,2249,0,-55.125,-21.375
1359,2597,2598,431,466602088,-54.875,-21.375
1360,2598,2599,1163,1256528674,-54.625,-21.375
1361,2599,2600,85,92016858,-54.375,-21.375
1362,2600,2601,6,6459957,-54.125,-21.375
1363,2606,2607,4,4343859,-52.625,-21.375
1364,2607,2608,7,7571762,-52.375,-21.375
1365,2609,2610,262,283352233,-48.875,-21.375
1366,2610,2611,1636,1768168767,-48.375,-21.375
1367,2611,2612,1684,1818153563,-48.125,-21.375
1368,2612,2613,2130,0,-47.875,-21.375
1369,2613,2614,416,449093981,-47.625,-21.375
1370,2614,2615,76,82195991,-47.375,-21.375
1371,2615,2616,111,120296329,-47.125,-21.375
1372,2616,2617,28,30594768,-57.625,-21.625
1373,2619,2620,148,161698611,-56.875,-21.625
1374,2620,2621,578,632705628,-56.625,-21.625
1375,2624,2625,1986,0,-55.625,-21.625
1376,2625,2626,2584,0,-55.375,-21.625
1377,2626,2627,2624,0,-55.125,-21.625
1378,2627,2628,976,1066420235,-54.875,-21.625
1379,2628,2629,1328,1454047170,-54.625,-21.625
1380,2629,2630,679,741135997,-54.375,-21.625
1381,2630,2631,100,109362187,-54.125,-21.625
1382,2631,2632,1,1101208,-53.875,-21.625
1383,2633,2634,29,31829430,-53.375,-21.625
1384,2637,2638,95,103591908,-52.375,-21.625
1385,2638,2639,68,74491468,-49.125,-21.625
1386,2639,2640,253,277422678,-48.875,-21.625
1387,2640,2641,67,72994747,-48.625,-21.625
1388,2641,2642,526,575543886,-48.375,-21.625
1389,2642,2643,1228,1343890168,-48.125,-21.625
1390,2643,2644,625,682954579,-47.875,-21.625
1391,2644,2645,129,140955172,-47.625,-21.625
1392,2645,2646,4,4391852,-47.375,-21.625
1393,2646,2647,269,295089570,-47.125,-21.625
1394,2647,2648,3,3303768,-57.625,-21.875
1395,2650,2651,17,18748095,-56.875,-21.875
1396,2651,2652,128,141127585,-56.625,-21.875
1397,2654,2655,262,289836928,-55.875,-21.875
1398,2655,2656,546,602390213,-55.625,-21.875
1399,2656,2657,566,624472431,-55.375,-21.875
1400,2657,2658,840,926587065,-55.125,-21.875
1401,2658,2659,521,574700587,-54.625,-21.875
1402,2659,2660,24,26446415,-53.875,-21.875
1403,2660,2661,9,9946328,-53.625,-21.875
1404,2661,2662,70,77424524,-53.375,-21.875
1405,2662,2663,73,80672172,-53.125,-21.875
1406,2663,2664,9,9918642,-52.875,-21.875
1407,2664,2665,187,206667671,-52.625,-21.875
1408,2665,2666,73,80631462,-48.625,-21.875
1409,2666,2667,296,326709405,-48.375,-21.875
1410,2667,2668,404,446239134,-48.125,-21.875
1411,2668,2669,151,166920265,-47.875,-21.875
1412,2669,2670,72,79518388,-47.625,-21.875
1413,2670,2671,459,507098208,-47.125,-21.875
1414,2671,2672,361,398858444,-46.875,-21.875
1415,2676,2677,9,9991849,-56.125,-22.125
1416,2677,2678,902,1000610586,-55.875,-22.125
1417,2678,2679,1229,1365198113,-55.625,-22.125
1418,2679,2680,1894,2102120559,-55.375,-22.125
1419,2680,2681,1371,1522727710,-55.125,-22.125
1420,2683,2684,16,17744041,-51.125,-22.125
1421,2686,2687,28,31045420,-48.625,-22.125
1422,2687,2688,237,262977280,-48.375,-22.125
1423,2688,2689,52,57670770,-48.125,-22.125
1424,2689,2690,83,91988403,-47.875,-22.125
1425,2691,2692,312,345977611,-47.125,-22.125
1426,2692,2693,263,291394617,-46.875,-22.125
1427,2693,2694,1590,1777140012,-55.625,-22.375
1428,2694,2695,2450,0,-55.375,-22.375
1429,2695,2696,1197,1335647593,-54.875,-22.375
1430,2696,2697,12,13410365,-51.125,-22.375
1431,2697,2698,52,58197523,-50.875,-22.375
1432,2698,2699,153,171178963,-50.625,-22.375
1433,2699,2700,107,119749674,-50.375,-22.375
1434,2701,2702,232,259264412,-48.875,-22.375
1435,2702,2703,24,26802805,-48.125,-22.375
1436,2704,2705,191,213265001,-47.125,-22.375
1437,2705,2706,113,126401599,-46.875,-22.375
1438,2706,2707,529,593475856,-55.625,-22.625
1439,2707,2708,463,519541786,-50.625,-22.625
1440,2708,2709,698,784110467,-50.375,-22.625
1441,2709,2710,791,888252237,-50.125,-22.625
1442,2710,2711,668,750548380,-49.875,-22.625
1443,2711,2712,6,6741052,-49.625,-22.625
1444,2713,2714,22,24678476,-49.125,-22.625
1445,2714,2715,171,191888258,-48.875,-22.625
1446,2715,2716,208,233318969,-48.375,-22.625
1447,2716,2717,100,112154685,-48.125,-22.625
1448,2717,2718,17,19087832,-47.875,-22.625
1449,2718,2719,43,48270534,-47.375,-22.625
1450,2719,2720,116,130287601,-47.125,-22.625
1451,2720,2721,30,33757641,-49.375,-22.875
1452,2721,2722,142,159788037,-49.125,-22.875
1453,2722,2723,231,259931974,-48.875,-22.875
1454,2723,2724,37,41629453,-48.625,-22.875
1455,2724,2725,50,56251602,-48.375,-22.875
1456,2725,2726,1,1125416,-48.125,-22.875
1457,2726,2727,42,47274198,-49.125,-23.125
1458,2727,2728,27,30389649,-48.875,-23.125
1459,2729,2730,135,151977704,-49.125,-23.375
1460,2730,2731,176,198135301,-48.875,-23.375
1461,2732,2733,660,743672401,-49.125,-23.625
1462,2733,2734,542,610633889,-48.875,-23.625
1463,2734,2735,121,136305710,-48.625,-23.625
1464,2736,2737,73,82216892,-48.125,-23.625
1465,2737,2738,21,23686278,-49.375,-23.875
1466,2738,2739,192,216502537,-49.125,-23.875
1467,2739,2740,283,319118750,-48.875,-23.875
1468,2740,2741,48,54133835,-48.625,-23.875
1469,2741,2742,556,627444882,-49.875,-24.125
1470,2742,2743,130,146646949,-49.375,-24.125
1471,2743,2744,91,102651571,-49.125,-24.125
1472,2745,2746,1173,1325098239,-50.125,-24.375
1473,2746,2747,74,83558572,-49.875,-24.375